t,o,h,l,c,v
0,1000000,1006204.19,996764.25,1002958.88,7400
1,1002958.88,1006215.38,1002442.12,1005697.19,4943
2,1005697.19,1008520.31,1004557.69,1007378.94,7491
3,1007378.94,1009766.62,1006648.25,1009034.75,5609
4,1009034.75,1013113.44,1006633.69,1010708.38,5645
5,1010708.38,1013364.81,1009895.19,1012550.19,2466
6,1012550.19,1013087.88,1011079.38,1011616.56,4886
7,1011616.56,1014757.38,1010577.94,1013716.56,1377
8,1013716.56,1021155.5,1012705.38,1020137.94,839
9,1020137.94,1023497.94,1019992.81,1023352.31,8602
10,1023352.31,1025512.31,1021550.88,1023710.25,3238
11,1023710.25,1025883.44,1022096.69,1024269,7029
12,1024269,1026268.75,1019110.19,1021103.75,6507
13,1021103.75,1021774.31,1020767.19,1021437.62,1191
14,1021437.62,1023254.06,1020482.88,1022298.5,8299
15,1022298.5,1025720.5,1021747.75,1025168.19,993
16,1025168.19,1026050.81,1021241.88,1022121.88,5771
17,1022121.88,1025796.75,1012459.25,1016112.56,6066
18,1016112.56,1026924.88,1011748.5,1022533.25,115
19,1022533.25,1024529.44,1014138.75,1016122.44,4111
20,1016122.44,1016760.38,1015713.19,1016351,2891
21,1016351,1017725.69,1015142.56,1016517.06,6754
22,1016517.06,1025851.38,1013953.69,1023271,6196
23,1023271,1023285.69,1021210.88,1021225.56,7111
24,1021225.56,1031569.94,1018782.44,1029108,7262
25,1029108,1031956.06,1023176,1026015.5,2863
26,1026015.5,1031891.38,1019215.5,1025086.06,9515
27,1025086.06,1025185.5,1021774.94,1021874.06,7941
28,1021874.06,1026407.19,1011275.62,1015781.75,5673
29,1015781.75,1016296.81,1015637.69,1016152.69,774
30,1016152.69,1018274.56,1014701.81,1016822.75,8364
31,1016822.75,1017585.88,1012582.75,1013343.31,1779
32,1013343.31,1014955.12,1011903.69,1013515.25,4916
33,1013515.25,1017000.25,1012878.12,1016361.31,3678
34,1016361.31,1022318.38,1016007.44,1021962.5,9300
35,1021962.5,1023447.12,1019464.06,1020947.19,3407
36,1020947.19,1025925.25,1019198.88,1024171.44,3053
37,1024171.44,1026982.12,1021390.69,1024201.25,5047
38,1024201.25,1026325.56,1022318.5,1024442.38,1999
39,1024442.38,1026653.81,1019749.62,1021955.69,1563
40,1021955.69,1028031.19,1019140.12,1025206.62,6304
41,1025206.62,1026131.75,1020485.56,1021407.25,171
42,1021407.25,1023552,1019959.75,1022103.5,5654
43,1022103.5,1026790.44,1021484.94,1026169.44,1991
44,1026169.44,1026184.88,1024939.19,1024954.62,1729
45,1024954.62,1028125.5,1023820.56,1026989.19,1205
46,1026989.19,1029002.69,1022396.12,1024404.56,1880
47,1024404.56,1035443.12,1022357.94,1033378.56,7165
48,1033378.56,1036991.5,1031958.62,1035568.56,4042
49,1035568.56,1036823.31,1030881.06,1032131.62,9374
50,1032131.62,1033803.25,1028568.12,1030236.69,376
51,1030236.69,1034616.94,1024302.56,1028676.19,2604
52,1028676.19,1030330.75,1026780.75,1028434.94,7775
53,1028434.94,1030480.62,1022598.19,1024636.31,3220
54,1024636.31,1026226.06,1022968.75,1024558.38,1145
55,1024558.38,1025519.31,1024542,1025502.94,2685
56,1025502.94,1030033.44,1024456.12,1028983.12,4408
57,1028983.12,1030915.94,1026303.25,1028234.69,5785
58,1028234.69,1028790.62,1027160.44,1027716.06,1495
59,1027716.06,1029489.44,1024085.44,1025855.62,4495
60,1025855.62,1030883.69,1024982.81,1030007.31,1230
61,1030007.31,1033642.81,1021690.69,1025309.62,9553
62,1025309.62,1027780.06,1017079.19,1019535.69,7238
63,1019535.69,1020335.38,1010713.44,1011506.88,5702
64,1011506.88,1018535.44,1010649.75,1017673.06,7295
65,1017673.06,1018623.25,1011632.12,1012577.56,7828
66,1012577.56,1015719.06,1010995.06,1014134.12,4843
67,1014134.12,1019467.31,1010502.81,1015829.88,7006
68,1015829.88,1019676.81,1014042.56,1017885.88,7624
69,1017885.88,1022487.06,1016277.06,1020873.56,7652
70,1020873.56,1021542.19,1020691.56,1021360.06,9211
71,1021360.06,1025986,1004184.31,1008753.12,7909
72,1008753.12,1011380.44,1004292.06,1006914.56,7657
73,1006914.56,1012794.44,1005735.25,1011609.62,3956
74,1011609.62,1013690.56,1010651.56,1012731.44,1277
75,1012731.44,1016237.94,1012517.31,1016023.12,977
76,1016023.12,1021476.5,1013195.25,1018641.31,7197
77,1018641.31,1020287.31,1011142.31,1012778.81,9556
78,1012778.81,1014421.19,1010822.94,1012464.81,8382
79,1012464.81,1013634.38,1008903.5,1010070.31,3305
80,1010070.31,1013816.31,1007489.75,1011232.75,1613
81,1011232.75,1015441.69,1009488.5,1013693.19,5044
82,1013693.19,1018166.31,1011584.88,1016053.06,369
83,1016053.06,1019682.44,1014945.06,1018571.69,8673
84,1018571.69,1019948.81,1015988.12,1017363.62,4817
85,1017363.62,1018742.06,1012352.69,1013726.19,6795
86,1013726.19,1014485.56,1012721.88,1013481.06,9431
87,1013481.06,1020656.88,1011419.06,1018584.5,8138
88,1018584.5,1023894.5,1017469.62,1022775,1300
89,1022775,1023795.12,1020801.38,1021820.5,5872
90,1021820.5,1026377.06,1019909.88,1024461.5,7431
91,1024461.5,1025810.19,1023393.88,1024742.25,4584
92,1024742.25,1025377.38,1020728.56,1021361.62,9932
93,1021361.62,1026791,1019159.62,1024582.06,9239
94,1024582.06,1027029.81,1017280.62,1019716.75,3109
95,1019716.75,1020910.12,1019594.25,1020787.5,9167
96,1020787.5,1026443.81,1020623.06,1026278.5,8682
97,1026278.5,1028419.81,1023880.38,1026021.12,6226
98,1026021.12,1034947.75,1022727.5,1031636.06,2581
99,1031636.06,1033839.06,1028064.38,1030264.44,4486
100,1030264.44,1034692.25,1024605.94,1029028.44,9946
101,1029028.44,1032443.94,1025237.88,1028652.12,244
102,1028652.12,1033695.12,1026844,1031881.31,7900
103,1031881.31,1033801.06,1028630,1030547.25,8567
104,1030547.25,1036248.56,1027145.94,1032839.69,953
105,1032839.69,1033236.81,1031117.69,1031514.25,4842
106,1031514.25,1032915.38,1029611.12,1031011.56,3645
107,1031011.56,1034275.5,1029615.75,1032877.19,6564
108,1032877.19,1036727.5,1030356.12,1034203.19,9438
109,1034203.19,1040153.81,1034006.44,1039956,1189
110,1039956,1043134.12,1037889.44,1041065.31,4738
111,1041065.31,1042384.94,1033454.62,1034766.25,9078
112,1034766.25,1038650.25,1034485.25,1038368.25,2085
113,1038368.25,1041321.31,1033413.81,1036361.19,7454
114,1036361.19,1040033.69,1035664.5,1039335,4674
115,1039335,1041985.5,1033552.88,1036195.38,5764
116,1036195.38,1037943.88,1031104.69,1032847.5,6671
117,1032847.5,1037804.88,1032386.62,1037342,5978
118,1037342,1041859.62,1037179.31,1041696.25,2830
119,1041696.25,1042751.31,1030085.25,1031129.62,9763
120,1031129.62,1032648,1030459.75,1031977.62,9968
121,1031977.62,1033295.06,1030731.56,1032048.88,2790
122,1032048.88,1033561.94,1025808.12,1027314.25,6172
123,1027314.25,1027738.12,1023782.56,1024205.12,2669
124,1024205.12,1026129.38,1010427.06,1012329,3148
125,1012329,1016367.69,1007318.62,1011353.44,4652
126,1011353.44,1015004.12,1005251.5,1008893.25,1038
127,1008893.25,1014116.94,1007146.56,1012364.25,284
128,1012364.25,1017885.56,1011999.56,1017519.06,5217
129,1017519.06,1021509.38,1009733.44,1013708.81,7998
130,1013708.81,1016134.31,1007375.81,1009791.94,2108
131,1009791.94,1009863.06,1003355.88,1003426.56,189
132,1003426.56,1009193.25,1002861.56,1008625.31,2907
133,1008625.31,1008742.62,1007352.81,1007470,1120
134,1007470,1012319.75,1004833.44,1009677.38,899
135,1009677.38,1014083.88,1003233.75,1007631.31,6235
136,1007631.31,1009425.19,1006165.5,1007958.94,3496
137,1007958.94,1010566.62,1004728,1007334.06,4085
138,1007334.06,1010047.75,1001195.5,1003899.94,1253
139,1003899.94,1004021.19,1000870.62,1000991.5,1109
140,1000991.5,1002691.75,990154.875,991839.625,9314
141,991839.625,995727.625,987566.25,991452.75,3301
142,991452.75,992056.375,985543.188,986143.562,5716
143,986143.562,986678.875,983984.75,984519.188,2232
144,984519.188,988306,982750.625,986533.812,2499
145,986533.812,988177.062,982049.938,983688.438,9615
146,983688.438,986413.188,982994.938,985718.25,9262
147,985718.25,988393.312,980892,983561.25,3105
148,983561.25,983612.375,981541.812,981592.812,9653
149,981592.812,983421,977006.188,978829.25,9236
150,978829.25,984364.125,975924.312,981451.375,3750
151,981451.375,985964.125,979733.25,984241.125,361
152,984241.125,988278.188,983447.438,987481.875,7182
153,987481.875,987757.812,981486.125,981760.438,8275
154,981760.438,982202.188,979056.688,979497.438,1933
155,979497.438,980006.375,970760.312,971265,3023
156,971265,972480.25,971063.062,972278.125,5409
157,972278.125,978257.062,971365.75,977339.938,7809
158,977339.938,983217.625,976658.25,982532.312,904
159,982532.312,986772.562,982089,986327.562,5674
160,986327.562,992767.938,980660.688,987096.625,1265
161,987096.625,987589.625,985105.938,985598.188,5617
162,985598.188,989793.312,983147.5,987338.312,325
163,987338.312,992244.5,986993.25,991897.875,5932
164,991897.875,996851.938,988653.375,993601.875,3924
165,993601.875,998554.438,992661.75,997610.562,6901
166,997610.562,1001476.88,983792.875,987620.5,6984
167,987620.5,989974.375,986939.75,989292.5,8549
168,989292.5,990852.875,986067.375,987625.125,686
169,987625.125,993403.5,985121.75,990891.875,1400
170,990891.875,992694.625,988666.188,990468.125,1230
171,990468.125,995742.875,990309.5,995583.438,7616
172,995583.438,996926.5,991611.875,992951.438,3399
173,992951.438,994673.375,992518.125,994239.5,8984
174,994239.5,995423.75,986394.312,987570.625,9898
175,987570.625,988377.5,987357.562,988164.312,3047
176,988164.312,989442.312,984325.25,985599.938,2702
177,985599.938,987882.125,971782.25,974037.625,687
178,974037.625,977049.188,968270.625,971273.625,2313
179,971273.625,972629.312,964687.438,966035.875,8092
180,966035.875,973817,965157.188,972932.062,354
181,972932.062,974178.125,970415.938,971660.375,1848
182,971660.375,971954.562,966849.812,967142.625,5824
183,967142.625,968687.125,963514.562,965055.75,8005
184,965055.75,975010.125,962734.375,972670.438,6125
185,972670.438,977433.562,971223.375,975981.562,2459
186,975981.562,978307.312,970553.812,972872.188,4471
187,972872.188,974911.312,968032.562,970065.812,3445
188,970065.812,975104.375,968293.125,973325.75,7145
189,973325.75,976951.812,971398.625,975021.312,8218
190,975021.312,978564,974820.625,978362.625,142
191,978362.625,980961.688,974960.062,977556.938,1531
192,977556.938,978550.062,968663.875,969648.938,4706
193,969648.938,969852.375,965707,965909.688,6959
194,965909.688,971428.375,964979.375,970493.625,6875
195,970493.625,974519.062,968773.438,972794.75,4077
196,972794.75,976811,965969.688,969974.25,8158
197,969974.25,970329,959410.438,959761.438,4687
198,959761.438,960650.562,957872.875,958761.062,1994
199,958761.062,962619.688,956275.688,960130.812,2791
200,960130.812,967178.938,957746.625,964783.188,101
201,964783.188,965873.875,960460.625,961547.625,6224
202,961547.625,961651.938,960662,960766.25,1171
203,960766.25,961514.438,954855.25,955599.438,4042
204,955599.438,957681.062,950131.438,952205.688,9465
205,952205.688,955925.25,949585.625,953302.188,9509
206,953302.188,954301.938,951516.25,952515.188,8188
207,952515.188,954127.25,948721.25,950329.625,4873
208,950329.625,952229.062,949285,951183.5,8352
209,951183.5,951681,948520.812,949017.125,2580
210,949017.125,952963.875,945171.875,949118.25,6618
211,949118.25,949393.625,943848.562,944122.5,5435
212,944122.5,952544.125,942538,950948.188,7843
213,950948.188,954635.25,950112.5,953797.062,1427
214,953797.062,954526.75,946056.812,946781.125,2951
215,946781.125,952357,944661.125,950229.312,8115
216,950229.312,953829,942643.188,946227.688,3374
217,946227.688,948569.375,945420.125,947760.562,8643
218,947760.562,949320,947221.25,948780.062,7705
219,948780.062,949282.562,947979.312,948481.625,7569
220,948481.625,950922.438,947970.938,950410.75,8259
221,950410.75,957528.625,946353.938,953458.812,5531
222,953458.812,956540.188,951273.625,954352.938,5283
223,954352.938,955587,949921.25,951151.188,5988
224,951151.188,954859.5,950351.125,954056.938,7855
225,954056.938,957345.625,950664.875,953953.188,197
226,953953.188,954314.688,947949.125,948308.5,8662
227,948308.5,951570.25,940226,943471.125,3738
228,943471.125,946784.5,940531.188,943843.375,4425
229,943843.375,944006.625,943537.438,943700.688,9558
230,943700.688,957131.375,941889.188,955297.625,9808
231,955297.625,962681.5,953933.75,961309,6813
232,961309,963706.062,960998.75,963395.125,7924
233,963395.125,968397.5,963095.188,968096.125,6215
234,968096.125,971497.188,964515.375,967915.812,2101
235,967915.812,975898.875,964662.375,972629.562,4996
236,972629.562,978764.625,971923.688,978054.812,7530
237,978054.812,978778.312,972541.375,973261.375,8733
238,973261.375,974796.25,965947.75,967473.5,7169
239,967473.5,971277.688,963727.188,967531.188,5763
240,967531.188,969263.062,963259.062,964986.375,6896
241,964986.375,967182.875,960464,962655.188,6943
242,962655.188,965444.812,956713.75,959494.25,6809
243,959494.25,974165.688,957646.5,972293.25,126
244,972293.25,973096.188,970832,971634.375,6637
245,971634.375,974266,965845.125,968468.188,3119
246,968468.188,971390.875,966200.25,969121.375,6298
247,969121.375,972752.75,967811.812,971440.062,2187
248,971440.062,972728.875,967465.562,968750.812,4353
249,968750.812,971942.125,959213.5,962383.875,4856
250,962383.875,971554.5,959910.125,969063.562,9215
251,969063.562,970147,965187.875,966268.188,8263
252,966268.188,968001.812,965872.688,967605.75,9976
253,967605.75,968974.312,964950.188,966316.938,656
254,966316.938,971040.125,965841.938,970563.062,9996
255,970563.062,972088,969753.75,971278.062,2252
256,971278.062,972690.562,965967.125,967373.938,4026
257,967373.938,973797.562,965752.562,972168.188,2305
258,972168.188,979439.562,970815.25,978078.375,3285
259,978078.375,981971.75,977982.125,981875.125,126
260,981875.125,986208.688,979854.5,984183.312,564
261,984183.312,994614.5,983395.5,993819,7406
262,993819,997387.062,991425.75,994991,8498
263,994991,995539.375,992237.25,992784.438,7398
264,992784.438,993238.75,989210.438,989663.375,3064
265,989663.375,991460.75,985951.062,987744.938,2965
266,987744.938,988202.5,985659.625,986116.438,8755
267,986116.438,987393,981258.312,982530.25,416
268,982530.25,989648.188,978690.125,985795.312,6538
269,985795.312,987673.688,980895.875,982768.438,9271
270,982768.438,983813.688,978182.938,979224.438,7947
271,979224.438,982013.812,977064.312,979852.25,6445
272,979852.25,985802.938,979659.562,985609.125,6043
273,985609.125,986196,984731.125,985317.812,9585
274,985317.812,987305.438,980566.5,982548.562,481
275,982548.562,983683,971612.625,972735.75,6528
276,972735.75,973805,967087.562,968151.812,6869
277,968151.812,976165.625,962762.188,970761.5,6021
278,970761.5,971399.875,964952.812,965587.812,8272
279,965587.812,965640.625,963770.562,963823.25,9900
280,963823.25,965328.125,961935,963439.312,3974
281,963439.312,963835.5,960157.688,960552.688,3021
282,960552.688,960662,958126.5,958235.562,9846
283,958235.562,958978.438,955218.375,955959.5,1881
284,955959.5,962739.875,955792.938,962572.188,9336
285,962572.188,969002.188,959623.25,966042.625,1539
286,966042.625,969416.25,962978.125,966350.75,379
287,966350.75,966726.562,961067.25,961441.188,1175
288,961441.188,964665,959757.688,962978.812,5559
289,962978.812,965212.375,961505.125,963737.5,9612
290,963737.5,963921.688,961328.562,961512.312,7354
291,961512.312,965968.375,960173,964624.688,767
292,964624.688,966425.875,963604.312,965404.625,6921
293,965404.625,971529.562,962056.688,968172,6385
294,968172,969281.312,962241.312,963345.125,1352
295,963345.125,966771.688,962029.5,965453.125,4416
296,965453.125,966485.5,965383.812,966416.125,9132
297,966416.125,967043.938,963076.812,963702.875,6879
298,963702.875,966275.938,962728.625,965300.125,8302
299,965300.125,969764.938,958427.688,962881.312,674
300,962881.312,964730.438,958112.375,959955.875,2519
301,959955.875,960103.812,959781.875,959929.812,4447
302,959929.812,961600.5,955107.938,956773.125,6741
303,956773.125,958556.125,953739.938,955520.625,3587
304,955520.625,957119.438,953959.062,955557.812,4110
305,955557.812,960257.25,952339.25,957033.75,5766
306,957033.75,959116.812,955228.25,957310.75,5123
307,957310.75,960512.188,956701.5,959901.25,1395
308,959901.25,963071.062,959612.688,962781.625,3655
309,962781.625,970210.438,959300,966714.562,1684
310,966714.562,969023.562,960994.188,963295.062,9205
311,963295.062,968066.625,962406.812,967174.75,6522
312,967174.75,970223.812,960259.938,963296.812,3837
313,963296.812,966835,955475.312,958997.75,8663
314,958997.75,959137.562,950339,950477.562,6607
315,950477.562,953576.75,947431.875,950530.938,4888
316,950530.938,955771.125,949703.438,954939.812,3265
317,954939.812,959855.812,953353.125,958263.562,4988
318,958263.562,967008.688,954979.688,963706.125,6934
319,963706.125,969347.625,960907.062,966540.312,8594
320,966540.312,968816.625,953235.75,955486.062,1500
321,955486.062,957153.312,952844.75,954510.312,591
322,954510.312,964677.562,952335.188,962484.25,7865
323,962484.25,962931.938,961154.688,961602,1186
324,961602,966349.625,960638.062,965381.875,408
325,965381.875,965404.312,959030.75,959053.062,2545
326,959053.062,960619,953974.5,955534.688,8289
327,955534.688,959766.125,955130,959359.812,4509
328,959359.812,961836.375,958732.438,961207.812,8404
329,961207.812,961829.312,955445.938,956064.062,3837
330,956064.062,961151.875,946547.75,951611.875,845
331,951611.875,954383.375,949447.938,952218.062,3773
332,952218.062,953419.312,946751.625,947947.5,3303
333,947947.5,948795.188,943558.625,944403.125,141
334,944403.125,945931.062,934005.812,935519.375,9594
335,935519.375,936882.938,930636.688,931995.125,2816
336,931995.125,934313.562,931932,934250.25,9569
337,934250.25,936553.312,929826.562,932124.375,3849
338,932124.375,932166.438,928329.812,928371.75,8038
339,928371.75,928969.25,925573.125,926169.188,3092
340,926169.188,928445.25,923489,925764.062,1319
341,925764.062,928140.062,916651.188,919009.875,3596
342,919009.875,919984.75,915064.375,916036.125,1533
343,916036.125,919486.938,915913.25,919363.625,7437
344,919363.625,921523.875,916739.062,918898.188,1386
345,918898.188,919441.75,917664.812,918207.938,4061
346,918207.938,920784.938,914171.688,916744.625,4701
347,916744.625,923517,913667.938,920427.938,7672
348,920427.938,921293.312,918651.5,919516.062,6019
349,919516.062,920587.25,919121.25,920192.125,4629
350,920192.125,921758.812,917734.938,919300.062,421
351,919300.062,919560.75,918972.375,919233,6029
352,919233,919527.375,915870.312,916163.688,2437
353,916163.688,918449.562,915622.375,917907.25,8438
354,917907.25,919946.375,916477.875,918516.062,9400
355,918516.062,921769.625,916267.25,919518.375,4544
356,919518.375,921351.5,916740.125,918571.375,7825
357,918571.375,922303.5,918326.25,922057.438,7980
358,922057.438,922784.938,919048.375,919774.125,8219
359,919774.125,920140.125,916440.062,916804.875,5864
360,916804.875,918165.312,915602.875,916963.062,1209
361,916963.062,917050.688,910740.938,910828,954
362,910828,913793.25,908029.562,910994.25,2552
363,910994.25,912521.062,910417.125,911943.375,8512
364,911943.375,912937.25,904930.562,905917.875,6192
365,905917.875,910973.562,902648.75,907698,1491
366,907698,909412.312,903722.312,905432.375,1646
367,905432.375,912771.438,901675,908999.25,3724
368,908999.25,911137.438,908869.625,911007.5,9145
369,911007.5,913136.062,908390.438,910517.812,3497
370,910517.812,911420.875,910491.75,911394.75,4992
371,911394.75,915988.438,909303.125,913891.125,4771
372,913891.125,914361.125,910287.438,910755.812,3102
373,910755.812,911973.938,908573.5,909790.312,8692
374,909790.312,911697.5,908605.312,910511.562,4114
375,910511.562,910758.25,907855.5,908101.562,579
376,908101.562,911224.75,904249.438,907370.125,5474
377,907370.125,915264.562,903957.75,911835.438,2065
378,911835.438,915897.812,910027.562,914085.5,3250
379,914085.5,919760.375,912719.375,918387.812,7875
380,918387.812,919216.625,915130.938,915957.562,6032
381,915957.562,920355.5,914798.562,919192.438,6366
382,919192.438,920218.062,914927.562,915949.562,4277
383,915949.562,916123.938,913595.812,913769.75,8464
384,913769.75,916331.562,907208,909758.562,261
385,909758.562,911834.625,905834.188,907906,1100
386,907906,910938.188,900583.375,903601.188,5202
387,903601.188,904895.688,898572.375,899861.562,8836
388,899861.562,902118.625,899743,901999.812,9499
389,901999.812,904687.625,901355.438,904041.75,7599
390,904041.75,906880.062,903292.062,906128.688,3411
391,906128.688,907198.25,900643.625,901708,8628
392,901708,903894.625,901443.625,903629.688,2830
393,903629.688,905175.562,897213.188,898750.75,3412
394,898750.75,900436.125,897746.062,899430.688,4566
395,899430.688,899609,899218.062,899396.375,1494
396,899396.375,900972.625,895886.438,897459.25,2051
397,897459.25,897747.062,894779,895066.062,1554
398,895066.062,900552.125,894108.375,899589.625,247
399,899589.625,900243.312,895487.188,896138.375,1337
400,896138.375,897042.375,893019.375,893921.125,7066
401,893921.125,895948.688,888315.688,890335.125,5131
402,890335.125,890477.938,889186.5,889329.125,3337
403,889329.125,891826.5,886352.688,888848.688,2818
404,888848.688,889657.875,884476.188,885282.125,8992
405,885282.125,890502.875,885247.562,890468.125,988
406,890468.125,891157.562,890036.562,890725.875,9824
407,890725.875,891916.562,886033.125,887219.125,4201
408,887219.125,889027.312,884931.438,886738.625,481
409,886738.625,888313.812,885908.188,887482.625,8838
410,887482.625,889848.125,887304.875,889669.938,245
411,889669.938,890765,885728.25,886819.812,9018
412,886819.812,889745.812,880825.438,883741.312,7176
413,883741.312,888417.5,880391.688,885062.875,2653
414,885062.875,887049.312,883609.562,885595.125,2079
415,885595.125,887385.438,881797.062,883583.312,4928
416,883583.312,886291.375,880364.875,883071.375,6819
417,883071.375,885514.25,882679.062,885121.062,7008
418,885121.062,890278.375,881624.875,886775.688,7460
419,886775.688,888049.938,883599.625,884871.188,9945
420,884871.188,886391,884870.5,886390.312,4370
421,886390.312,887693.688,882326.562,883625.875,4948
422,883625.875,887680.562,881706.688,885756.75,1925
423,885756.75,886893.688,880132.688,881263.875,3999
424,881263.875,882389.812,876990.625,878112.5,4849
425,878112.5,878323,876336.25,876546.375,6982
426,876546.375,879161.188,874896.75,877509.75,3505
427,877509.75,879031.438,874004.75,875522.938,8807
428,875522.938,876096.938,868878.812,869448.875,8230
429,869448.875,870568.312,867806.625,868925.375,1852
430,868925.375,875177.312,866478.562,872719.812,6001
431,872719.812,881351.062,868661.125,877271.25,5169
432,877271.25,880327.562,876672,879726.625,2796
433,879726.625,881864.125,878443.5,880579.75,216
434,880579.75,882001.938,879927.062,881348.688,488
435,881348.688,881901,879310.25,879861.625,5489
436,879861.625,882608.625,878263.312,881008.25,3061
437,881008.25,881497.562,879651.25,880140.125,6929
438,880140.125,884936.25,877959.688,882749.312,3456
439,882749.312,888242.438,880453.25,885938.062,3057
440,885938.062,889462.875,884457.188,887978.625,8221
441,887978.625,889180.438,885651.438,886851.688,9462
442,886851.688,889466.5,885791.312,888404.25,5068
443,888404.25,892403.375,886959.375,890954.375,3031
444,890954.375,894966.438,890869.312,894881,7519
445,894881,895439.312,889430.625,889985.875,8262
446,889985.875,894223.625,888423,892656.062,7736
447,892656.062,893183.125,891722.125,892248.938,1446
448,892248.938,897139,889010.688,893894.75,3296
449,893894.75,894595.188,893652.562,894352.875,5770
450,894352.875,900857.562,893613,900112.875,7600
451,900112.875,902154.25,899911.938,901952.875,7561
452,901952.875,903075.562,899981.625,901103.312,8032
453,901103.312,905181.812,899547.875,903622,9395
454,903622,906735.188,894630,897722.812,2862
455,897722.812,905181.5,894548.875,901992.438,9944
456,901992.438,904676.312,896123.562,898797.938,6057
457,898797.938,902085.438,890791.938,894062.125,4500
458,894062.125,901175.75,889708.125,896808.375,5261
459,896808.375,899107.625,895446.375,897744.188,1012
460,897744.188,898664,896422.25,897341.625,876
461,897341.625,900075.875,892068.438,894794.938,9114
462,894794.938,902585.5,892350.25,900126.25,2616
463,900126.25,900812.438,895954.688,896638.25,1254
464,896638.25,908553.438,895016.188,906912.812,5483
465,906912.812,908947.312,903659.75,905691.5,4698
466,905691.5,906169.625,900005.625,900481,2795
467,900481,900630.5,897880.375,898029.5,4944
468,898029.5,900212.125,892022.062,894195.375,8080
469,894195.375,895382.438,889118.812,890300.688,935
470,890300.688,891098.062,886963.062,887758.125,4773
471,887758.125,896078.25,887165.562,895480.562,9237
472,895480.562,897886.312,892140.938,894544.125,7147
473,894544.125,896957.375,893900.5,896312.5,4572
474,896312.5,899912.125,893989.875,897586.188,8179
475,897586.188,898440.5,895789.5,896642.938,2308
476,896642.938,896956.625,895167.062,895480.312,8489
477,895480.312,902523.375,892101.062,899130.375,5421
478,899130.375,900870.25,898117.25,899856.312,1410
479,899856.312,901645.75,895479.688,897264,1558
480,897264,897460.812,894548.062,894744.312,6077
481,894744.312,903890.5,892155.5,901282.812,1359
482,901282.812,909126.375,900255.5,908091.312,3221
483,908091.312,908366,905372.188,905646.125,8018
484,905646.125,908361.875,902235.312,904949,1467
485,904949,911683.25,904329.625,911059.688,6922
486,911059.688,912270.875,909391.875,910602.438,7490
487,910602.438,912713.188,909458.188,911567.75,5083
488,911567.75,913910.5,910294.625,912635.875,2570
489,912635.875,923662.062,910043.438,921045.688,1062
490,921045.688,923589,916205.375,918742.375,2305
491,918742.375,923731.5,917091.875,922075.062,6514
492,922075.062,925033.938,915842.688,918791,1799
493,918791,922169.75,918532.125,921910,1400
494,921910,930252.812,920369.562,928701.062,5750
495,928701.062,932379.625,928507.625,932185.5,578
496,932185.5,933368.938,929626.562,930808.25,7361
497,930808.25,931762.25,925830.812,926780.688,7248
498,926780.688,934931.312,924526.125,932662.438,2296
499,932662.438,934044.75,932656.875,934039.188,5353
500,934039.188,938151.375,932121.562,936229.25,2806
501,936229.25,938263.125,927852,929872.062,2352
502,929872.062,931699.75,928497.625,930324.625,2098
503,930324.625,932645.062,928996.688,931315.75,8846
504,931315.75,932150.125,930774.062,931608.25,6909
505,931608.25,935011.312,929576.062,932976.125,4614
506,932976.125,935353.562,926710.25,929077.812,172
507,929077.812,930974.625,927547.312,929443.5,4081
508,929443.5,932833.688,926407.562,929796.625,6067
509,929796.625,930993.25,925857.812,927050.938,1981
510,927050.938,930195.062,920942.375,924076.438,695
511,924076.438,924818.438,921908.188,922649,3831
512,922649,925196.875,921779.562,924325.812,9042
513,924325.812,924511.75,924044.625,924230.562,4277
514,924230.562,932708.125,919304.812,927763.562,4166
515,927763.562,936084,925556.688,933862.562,8309
516,933862.562,934333.688,932097.25,932567.688,2550
517,932567.688,935329.812,932292.562,935054,7719
518,935054,940808.062,933255.688,939002.125,3801
519,939002.125,939756.25,933371.125,934121.312,1142
520,934121.312,934295.562,933146.875,933321,7030
521,933321,936380.562,931185.312,934242.75,6197
522,934242.75,943392.438,931008.062,940137.312,3761
523,940137.312,940334.438,932279.125,932474.625,317
524,932474.625,934010.562,928602.562,930134.688,3951
525,930134.688,933353.812,929099.188,932315.875,7175
526,932315.875,937406.25,931720.812,936808.312,6274
527,936808.312,938460.125,935341.562,936993.125,6052
528,936993.125,938220,929509,930727.688,3428
529,930727.688,934307,929791.5,933368.125,6432
530,933368.125,934825.625,932830.688,934287.625,8926
531,934287.625,938230.625,931046.125,934986.688,1780
532,934986.688,937020.25,929213.5,931238.938,9245
533,931238.938,932152.375,929810.625,930723.562,5159
534,930723.562,936626.312,928655.188,934549.438,4161
535,934549.438,939261.125,933070.438,937777,5146
536,937777,945266.938,937590.062,945078.562,9365
537,945078.562,947158.25,942881.625,944961.062,225
538,944961.062,947123.75,936207.625,938355.188,9861
539,938355.188,938502.312,933981.625,934128.062,8848
540,934128.062,934380.688,932548.938,932801.188,1222
541,932801.188,937762.5,932658.938,937619.562,1106
542,937619.562,940357,930493,933217.562,7960
543,933217.562,934406.312,931951.562,933140.188,9578
544,933140.188,937053.875,932470.125,936381.5,4709
545,936381.5,937785.188,934869.75,936273.312,4456
546,936273.312,938792.562,935355.938,937873.625,6618
547,937873.625,938864.875,926391.562,927371.688,9393
548,927371.688,929836.188,921029.938,923484.062,349
549,923484.062,925913.562,922143,924570.938,8793
550,924570.938,927077.875,919219.625,921718.875,1341
551,921718.875,923233.75,916670.375,918179.438,9581
552,918179.438,919082.438,911278.688,912175.812,1854
553,912175.812,916308.938,908794.062,912924.375,3139
554,912924.375,915408.625,910850.562,913333.875,5383
555,913333.875,914499.375,911539.5,912704.188,8389
556,912704.188,914052.125,911966.5,913313.938,5751
557,913313.938,918202,911749.188,916631.562,1351
558,916631.562,917272.688,914827.812,915468.125,9282
559,915468.125,916910.188,903851.875,905277.875,6369
560,905277.875,911293.312,904146.625,910155.938,6983
561,910155.938,910427.312,906903.688,907174.125,4855
562,907174.125,909761.938,906897.062,909484.188,3448
563,909484.188,912872.625,906731.25,910117.812,822
564,910117.812,910293.75,909934.312,910110.25,7777
565,910110.25,913826.688,909296.25,913010.125,9111
566,913010.125,915680.875,907782.75,910446,3553
567,910446,912717.938,906973.75,909242.688,8374
568,909242.688,914704.562,907698.125,913153.375,471
569,913153.375,921011.062,909690.062,917531.125,1571
570,917531.125,917941.625,917117.438,917527.938,3863
571,917527.938,922344.625,914408.938,919219.875,6880
572,919219.875,923173.188,917594.875,921544.125,8944
573,921544.125,922173.438,918730.5,919358.312,5565
574,919358.312,921340.188,915224.812,917202.062,8834
575,917202.062,920566.75,916860.75,920224.312,507
576,920224.312,922255.312,917365.812,919394.938,969
577,919394.938,919485.938,912316.062,912406.375,9166
578,912406.375,915264.062,904145.312,906986,8805
579,906986,907451.312,905196.438,905661.062,7065
580,905661.062,908819.75,899758.75,902907.875,8504
581,902907.875,916345.75,900495.438,913903.938,617
582,913903.938,915266,913444.25,914805.875,3762
583,914805.875,915721.938,912976.312,913891.5,3321
584,913891.5,916616.938,905680.938,908390,9837
585,908390,911014.312,903983.5,906602.625,3837
586,906602.625,907921.125,906312.312,907630.438,7572
587,907630.438,909593.875,904307.75,906268.25,4040
588,906268.25,909908.5,904737.25,908373.938,9070
589,908373.938,908446.562,903069.375,903141.625,8959
590,903141.625,906003.75,900570.75,903432.062,986
591,903432.062,908462.125,901413.75,906437.125,3249
592,906437.125,907816.625,902307.562,903682.875,9791
593,903682.875,907535.188,902584.625,906433.562,3210
594,906433.562,907158.938,903683.875,904407.625,2219
595,904407.625,904547.625,901805.75,901945.312,3731
596,901945.312,903770.25,901659.438,903483.938,2290
597,903483.938,903832.75,896619.188,896965.5,1353
598,896965.5,897913.125,892258.562,893202.25,1308
599,893202.25,898621.438,887214.562,892630.25,7447
