t,position,entry_px,equity,el,xl,es,xs,stop,tp,trail,size,local0,local1
0,0,0,10000,0,0,0,0,0,0,0.0282362644,1,1006204.19,9439.9375
1,0,0,10000,0,0,0,0,0,0,0.0269519705,1,1006215.38,9035.17383
2,0,0,10000,1,0,0,0,0,0,0.0258279648,1,1008520.31,8672.84863
3,1,1007882.56,10001.4316,1,0,0,0,0,0,0.0246059913,1,1009766.62,8276.10059
4,1,1007882.56,10018.0371,1,0,0,0,0,0,0.0241843946,1,1013113.44,8147.79004
5,1,1007882.56,10036.3115,0,0,0,0,0,0,0.0231503639,1,1013364.81,7813.63525
6,1,1007882.56,10027.0479,0,0,0,0,0,0,0.0219420586,1,1013364.81,7398.98291
7,1,1007882.56,10047.8838,1,0,0,0,0,0,0.0212160349,1,1014757.38,7169.01562
8,1,1007882.56,10111.5957,1,0,0,0,0,0,0.0213515926,1,1021155.5,7260.52344
9,1,1007882.56,10143.4883,1,0,0,0,0,0,0.0204981621,1,1023497.94,6992.28076
10,1,1007882.56,10147.0391,1,0,0,0,0,0,0.0198565703,1,1025512.31,6775.79199
11,1,1007882.56,10152.583,0,0,0,0,0,0,0.0192204081,1,1025883.44,6562.28906
12,1,1007882.56,10121.1777,0,0,0,0,0,0,0.0194051191,1,1026268.75,6604.87988
13,1,1007882.56,10124.4902,0,0,0,0,0,0,0.0182244331,1,1026268.75,6205.04004
14,1,1007882.56,10133.0322,0,0,0,0,0,0,0.0174893085,1,1026268.75,5959.76465
15,1,1007882.56,10161.5049,0,0,0,0,0,0,0.0170250144,1,1026268.75,5817.83496
16,1,1007882.56,10131.2793,0,0,0,0,0,0,0.0168642439,1,1026268.75,5745.771
17,1,1007882.56,10071.6562,0,1,0,0,0,0,0.0185649823,1,1026268.75,6288.03711
18,0,0,10056.5391,0,0,0,0,0,0,0.0203110818,1,1026924.88,6922.91846
19,0,0,10056.5391,0,1,0,0,0,0,0.0211705267,1,1026924.88,7170.61621
20,0,0,10056.5391,0,0,0,0,0,0,0.0198747143,1,1026924.88,6733.22852
21,0,0,10056.5391,0,0,0,0,0,0,0.0189966094,1,1026924.88,6436.79248
22,0,0,10056.5391,0,0,0,0,0,0,0.0200148057,1,1026924.88,6826.85645
23,0,0,10056.5391,0,0,0,0,0,0,0.0190577619,1,1026924.88,6487.4248
24,0,0,10056.5391,1,0,0,0,0,0,0.0202236213,1,1031569.94,6937.43018
25,1,1029622.5,10011.252,0,0,0,0,0,0,0.0206694156,1,1031956.06,7069.04688
26,1,1029622.5,10002.1738,0,0,0,0,0,0,0.0218602177,1,1031956.06,7469.53467
27,1,1029622.5,9970.80176,0,0,0,0,0,0,0.021077767,1,1031956.06,7179.60791
28,1,1029622.5,9911.29688,0,1,0,0,0,0,0.0228816997,1,1031956.06,7747.60449
29,0,0,9896.41992,0,0,0,0,0,0,0.0213785321,1,1031956.06,7241.28467
30,0,0,9896.41992,0,0,0,0,0,0,0.0205913372,1,1031956.06,6979.24658
31,0,0,9896.41992,0,0,0,0,0,0,0.0202441607,1,1031956.06,6838.09521
32,0,0,9896.41992,0,0,0,0,0,0,0.0194401219,1,1031956.06,6567.61963
33,0,0,9896.41992,0,0,0,0,0,0,0.0188700855,1,1031956.06,6392.94141
34,0,0,9896.41992,0,0,0,0,0,0,0.0187494662,1,1031956.06,6387.08398
35,0,0,9896.41992,0,0,0,0,0,0,0.0182635356,1,1031956.06,6215.36816
36,0,0,9896.41992,0,0,0,0,0,0,0.0183129553,1,1031956.06,6251.86865
37,0,0,9896.41992,0,0,0,0,0,0,0.0181742441,1,1031956.06,6204.69482
38,0,0,9896.41992,0,0,0,0,0,0,0.0177102834,1,1031956.06,6047.72119
39,0,0,9896.41992,0,0,0,0,0,0,0.0179329608,1,1031956.06,6108.89746
40,0,0,9896.41992,0,0,0,0,0,0,0.0184576176,1,1031956.06,6307.62354
41,0,0,9896.41992,0,0,0,0,0,0,0.0183875076,1,1031956.06,6260.37793
42,0,0,9896.41992,0,0,0,0,0,0,0.0178156048,1,1031956.06,6069.79736
43,0,0,9896.41992,0,0,0,0,0,0,0.0175854135,1,1031956.06,6015.20459
44,0,0,9896.41992,0,0,0,0,0,0,0.0166091006,1,1031956.06,5674.5249
45,0,0,9896.41992,0,0,0,0,0,0,0.0162904263,1,1031956.06,5576.69727
46,0,0,9896.41992,0,0,0,0,0,0,0.0165469553,1,1031956.06,5650.25928
47,0,0,9896.41992,1,0,0,0,0,0,0.017944999,1,1035443.12,6181.32568
48,1,1033895.19,9902.54102,1,0,0,0,0,0,0.0176694058,1,1036991.5,6099.29346
49,1,1033895.19,9869.64258,0,0,0,0,0,0,0.0176956393,1,1036991.5,6088.07617
50,1,1033895.19,9851.50391,0,0,0,0,0,0,0.0175507758,1,1036991.5,6027.15088
51,1,1033895.19,9836.56738,0,0,0,0,0,0,0.018470481,1,1036991.5,6333.38135
52,1,1033895.19,9834.25781,0,0,0,0,0,0,0.0178948659,1,1036991.5,6134.56836
53,1,1033895.19,9797.89746,0,0,0,0,0,0,0.0183267444,1,1036991.5,6259.41602
54,1,1033895.19,9797.15137,0,0,0,0,0,0,0.0177002493,1,1036991.5,6044.97998
55,1,1033895.19,9806.19336,0,0,0,0,0,0,0.0166250244,1,1036991.5,5683.00391
56,1,1033895.19,9839.50488,0,0,0,0,0,0,0.0165467858,1,1036991.5,5675.45459
57,1,1033895.19,9832.34082,0,0,0,0,0,0,0.0163373463,1,1036991.5,5599.54248
58,1,1033895.19,9827.37695,0,0,0,0,0,0,0.0155179538,1,1036991.5,5316.01709
59,1,1033895.19,9809.56934,0,0,0,0,0,0,0.0155644761,1,1036991.5,5322.30176
60,1,1033895.19,9849.30859,0,0,0,0,0,0,0.0156221073,1,1036991.5,5363.62842
61,1,1033895.19,9804.34277,0,0,0,0,0,0,0.0170706548,1,1036991.5,5834.23535
62,0,0,9732.08594,0,1,0,0,0,0,0.0181902014,1,1036991.5,6181.85254
63,0,0,9732.08594,0,0,0,0,0,0,0.0190633591,1,1036991.5,6427.57275
64,0,0,9732.08594,0,0,0,0,0,0,0.01925488,1,1036991.5,6531.72363
65,0,0,9732.08594,0,0,0,0,0,0,0.0194489919,1,1036991.5,6564.53809
66,0,0,9732.08594,0,0,0,0,0,0,0.0190302394,1,1036991.5,6433.07129
67,0,0,9732.08594,0,0,0,0,0,0,0.0195324682,1,1036991.5,6613.8877
68,0,0,9732.08594,0,0,0,0,0,0,0.0192867797,1,1036991.5,6543.91357
69,0,0,9732.08594,0,0,0,0,0,0,0.0191602446,1,1036991.5,6520.0625
70,0,0,9732.08594,0,0,0,0,0,0,0.0179616474,1,1036991.5,6115.10254
71,0,0,9732.08594,0,1,0,0,0,0,0.0215183664,1,1036991.5,7235.57275
72,0,0,9732.08594,0,0,0,0,0,0,0.0215263311,1,1036991.5,7225.05859
73,0,0,9732.08594,0,0,0,0,0,0,0.0213912856,1,1036991.5,7213.21045
74,0,0,9732.08594,0,0,0,0,0,0,0.0204843637,1,1036991.5,6915.05273
75,0,0,9732.08594,0,0,0,0,0,0,0.0197442733,1,1036991.5,6686.87939
76,0,0,9732.08594,0,0,0,0,0,0,0.0200289227,1,1036991.5,6800.76318
77,0,0,9732.08594,0,0,0,0,0,0,0.0206408594,1,1036991.5,6968.2085
78,0,0,9732.08594,0,0,0,0,0,0,0.0199340191,1,1036991.5,6727.49707
79,0,0,9732.08594,0,0,0,0,0,0,0.0195576921,1,1036991.5,6584.88135
80,0,0,9732.08594,0,0,0,0,0,0,0.0194804724,1,1036991.5,6566.43018
81,0,0,9732.08594,0,0,0,0,0,0,0.0193035528,1,1036991.5,6522.62695
82,0,0,9732.08594,0,0,0,0,0,0,0.0192711223,1,1036991.5,6526.82764
83,0,0,9732.08594,0,0,0,0,0,0,0.0188470092,1,1036991.5,6399.00977
84,0,0,9732.08594,0,0,0,0,0,0,0.0183558073,1,1036991.5,6224.84375
85,0,0,9732.08594,0,0,0,0,0,0,0.0184564516,1,1036991.5,6236.59619
86,0,0,9732.08594,0,0,0,0,0,0,0.0175151844,1,1036991.5,5917.10254
87,0,0,9732.08594,0,0,0,0,0,0,0.0181260239,1,1036991.5,6154.2959
88,0,0,9732.08594,0,0,0,0,0,0,0.0181084499,1,1036991.5,6173.62305
89,0,0,9732.08594,0,0,0,0,0,0,0.0174585152,1,1036991.5,5946.48926
90,0,0,9732.08594,0,0,0,0,0,0,0.0175224226,1,1036991.5,5983.68213
91,0,0,9732.08594,0,0,0,0,0,0,0.0167716406,1,1036991.5,5728.87012
92,0,0,9732.08594,0,0,0,0,0,0,0.0166005548,1,1036991.5,5651.72314
93,0,0,9732.08594,0,0,0,0,0,0,0.016962409,1,1036991.5,5793.12695
94,0,0,9732.08594,0,1,0,0,0,0,0.0178746767,1,1036991.5,6075.70264
95,0,0,9732.08594,0,0,0,0,0,0,0.0168567356,1,1036991.5,5735.71484
96,0,0,9732.08594,0,0,0,0,0,0,0.0167842992,1,1036991.5,5741.78857
97,0,0,9732.08594,0,0,0,0,0,0,0.0165373962,1,1036991.5,5655.90625
98,0,0,9732.08594,0,0,0,0,0,0,0.017810896,1,1036991.5,6124.78809
99,0,0,9732.08594,0,0,0,0,0,0,0.0177617911,1,1036991.5,6099.78076
100,0,0,9732.08594,0,0,0,0,0,0,0.0186132845,1,1036991.5,6384.5332
101,0,0,9732.08594,0,0,0,0,0,0,0.0187912323,1,1036991.5,6443.21387
102,0,0,9732.08594,0,0,0,0,0,0,0.0188171361,1,1036991.5,6472.35059
103,0,0,9732.08594,0,0,0,0,0,0,0.018570913,1,1036991.5,6379.40137
104,0,0,9732.08594,0,0,0,0,0,0,0.0190946888,1,1036991.5,6573.91748
105,0,0,9732.08594,0,0,0,0,0,0,0.0181937888,1,1036991.5,6255.71777
106,0,0,9732.08594,0,0,0,0,0,0,0.0175892264,1,1036991.5,6044.89844
107,0,0,9732.08594,0,0,0,0,0,0,0.0172700863,1,1036991.5,5945.95947
108,0,0,9732.08594,0,0,0,0,0,0,0.0173360892,1,1036991.5,5976.34619
109,0,0,9732.08594,1,0,0,0,0,0,0.0172754303,1,1040153.81,5988.5625
110,1,1040475.94,9727.86621,1,0,0,0,0,0,0.0171039086,1,1043134.12,5935.42871
111,1,1040475.94,9668.94824,0,0,0,0,0,0,0.0178282261,1,1043134.12,6149.34912
112,1,1040475.94,9702.63867,0,0,0,0,0,0,0.0173568763,1,1043134.12,6007.60986
113,1,1040475.94,9683.86621,0,0,0,0,0,0,0.017783327,1,1043134.12,6143.31641
114,1,1040475.94,9711.68164,0,0,0,0,0,0,0.0173666589,1,1043134.12,6016.59277
115,1,1040475.94,9682.31543,0,0,0,0,0,0,0.0179189183,1,1043134.12,6189.1665
116,1,1040475.94,9651.00098,0,0,0,0,0,0,0.0181118604,1,1043134.12,6235.59668
117,1,1040475.94,9693.04004,0,0,0,0,0,0,0.0178645458,1,1043134.12,6177.21484
118,1,1040475.94,9733.76758,0,0,0,0,0,0,0.0174819492,1,1043134.12,6070.29346
119,1,1040475.94,9634.93262,0,0,0,0,0,0,0.0190318059,1,1043134.12,6541.41992
120,1,1040475.94,9642.86426,0,0,0,0,0,0,0.0181122515,1,1043134.12,6230.479
121,1,1040475.94,9643.53125,0,0,0,0,0,0,0.0173496213,1,1043134.12,5968.55176
122,1,1040475.94,9599.24512,0,0,0,0,0,0,0.0178019628,1,1043134.12,6096.07031
123,0,0,9559.1543,0,0,0,0,0,0,0.0174081642,1,1043134.12,5943.17676
124,0,0,9559.1543,0,1,0,0,0,0,0.0196781605,1,1043134.12,6640.25781
125,0,0,9559.1543,0,0,0,0,0,0,0.0202075206,1,1043134.12,6812.31543
126,0,0,9559.1543,0,0,0,0,0,0,0.0208813082,1,1043134.12,7022.3374
127,0,0,9559.1543,0,0,0,0,0,0,0.0207987186,1,1043134.12,7018.62598
128,0,0,9559.1543,0,0,0,0,0,0,0.0204548221,1,1043134.12,6937.72412
129,0,0,9559.1543,0,0,0,0,0,0,0.0215544458,1,1043134.12,7283.31055
130,0,0,9559.1543,0,0,0,0,0,0,0.0219510999,1,1043134.12,7388.68115
131,0,0,9559.1543,0,0,0,0,0,0,0.021902103,1,1043134.12,7325.71729
132,0,0,9559.1543,0,0,0,0,0,0,0.0215780288,1,1043134.12,7254.71533
133,0,0,9559.1543,0,0,0,0,0,0,0.0203553289,1,1043134.12,6835.79395
134,0,0,9559.1543,0,0,0,0,0,0,0.0204488877,1,1043134.12,6882.25977
135,0,0,9559.1543,0,0,0,0,0,0,0.0213342272,1,1043134.12,7165.67871
136,0,0,9559.1543,0,0,0,0,0,0,0.020496903,1,1043134.12,6886.6792
137,0,0,9559.1543,0,0,0,0,0,0,0.0202866718,1,1043134.12,6811.81836
138,0,0,9559.1543,0,0,0,0,0,0,0.0207916051,1,1043134.12,6957.56348
139,0,0,9559.1543,0,0,0,0,0,0,0.0200370383,1,1043134.12,6685.63477
140,0,0,9559.1543,0,0,0,0,0,0,0.0214860775,1,1043134.12,7103.58057
141,0,0,9559.1543,0,0,0,0,0,0,0.0217230842,1,1043134.12,7179.13721
142,0,0,9559.1543,0,0,0,0,0,0,0.021695327,1,1043134.12,7131.56934
143,0,0,9559.1543,0,0,0,0,0,0,0.0207652897,1,1043134.12,6814.60889
144,0,0,9559.1543,0,0,0,0,0,0,0.0204493646,1,1043134.12,6724.66357
145,0,0,9559.1543,0,0,0,0,0,0,0.0203783493,1,1043134.12,6681.98242
146,0,0,9559.1543,0,0,0,0,0,0,0.0196268819,1,1043134.12,6448.85889
147,0,0,9559.1543,0,0,0,0,0,0,0.0198992193,1,1043134.12,6524.03418
148,0,0,9559.1543,0,0,0,0,0,0,0.0189669151,1,1043134.12,6205.9292
149,0,0,9559.1543,0,0,0,0,0,0,0.0190661941,1,1043134.12,6220.84961
150,0,0,9559.1543,0,0,0,0,0,0,0.019499734,1,1043134.12,6379.34717
151,0,0,9559.1543,0,0,0,0,0,0,0.0194121394,1,1043134.12,6368.74219
152,0,0,9559.1543,0,0,0,0,0,0,0.0190146845,1,1043134.12,6258.88574
153,0,0,9559.1543,0,0,0,0,0,0,0.0191282928,1,1043134.12,6259.80029
154,0,0,9559.1543,0,0,0,0,0,0,0.0184911676,1,1043134.12,6037.3501
155,0,0,9559.1543,0,0,0,0,0,0,0.0193558224,1,1043134.12,6266.54395
156,0,0,9559.1543,0,0,0,0,0,0,0.0182668772,1,1043134.12,5920.16113
157,0,0,9559.1543,0,0,0,0,0,0,0.018385198,1,1043134.12,5989.5293
158,0,0,9559.1543,0,0,0,0,0,0,0.0184123181,1,1043134.12,6030.23242
159,0,0,9559.1543,0,0,0,0,0,0,0.0180488974,1,1043134.12,5934.0415
160,0,0,9559.1543,0,0,0,0,0,0,0.0193749573,1,1043134.12,6374.98486
161,0,0,9559.1543,0,0,0,0,0,0,0.0185583793,1,1043134.12,6097.03516
162,0,0,9559.1543,0,0,0,0,0,0,0.0186447743,1,1043134.12,6136.2334
163,0,0,9559.1543,0,0,0,0,0,0,0.018367881,1,1043134.12,6073.02051
164,0,0,9559.1543,0,0,0,0,0,0,0.0187947862,1,1043134.12,6224.84473
165,0,0,9559.1543,0,0,0,0,0,0,0.0186479148,1,1043134.12,6201.11914
166,0,0,9559.1543,0,0,0,0,0,0,0.0213280041,1,1043134.12,7021.32471
167,0,0,9559.1543,0,0,0,0,0,0,0.0204284191,1,1043134.12,6736.56055
168,0,0,9559.1543,0,0,0,0,0,0,0.0200395845,1,1043134.12,6597.19922
169,0,0,9559.1543,0,0,0,0,0,0,0.0203378145,1,1043134.12,6717.52441
170,0,0,9559.1543,0,0,0,0,0,0,0.0197647344,1,1043134.12,6525.44678
171,0,0,9559.1543,0,0,0,0,0,0,0.0194281302,1,1043134.12,6447.44141
172,0,0,9559.1543,0,0,0,0,0,0,0.0192351583,1,1043134.12,6366.52588
173,0,0,9559.1543,0,0,0,0,0,0,0.0183025934,1,1043134.12,6065.7207
174,0,0,9559.1543,0,0,0,0,0,0,0.0190692637,1,1043134.12,6277.41455
175,0,0,9559.1543,0,0,0,0,0,0,0.0179177094,1,1043134.12,5901.88037
176,0,0,9559.1543,0,0,0,0,0,0,0.0177936945,1,1043134.12,5845.82178
177,0,0,9559.1543,0,0,0,0,0,0,0.0202607792,1,1043134.12,6578.25391
178,0,0,9559.1543,0,0,0,0,0,0,0.0208038781,1,1043134.12,6735.41895
179,0,0,9559.1543,0,0,0,0,0,0,0.0211842898,1,1043134.12,6821.59424
180,0,0,9559.1543,0,0,0,0,0,0,0.0214389972,1,1043134.12,6952.89551
181,0,0,9559.1543,0,0,0,0,0,0,0.0207633898,1,1043134.12,6724.98779
182,0,0,9559.1543,0,0,0,0,0,0,0.020501392,1,1043134.12,6609.25635
183,0,0,9559.1543,0,0,0,0,0,0,0.0202267133,1,1043134.12,6506.63525
184,0,0,9559.1543,0,0,0,0,0,0,0.0213393401,1,1043134.12,6918.71484
185,0,0,9559.1543,0,0,0,0,0,0,0.0211113803,1,1043134.12,6868.10596
186,0,0,9559.1543,0,0,0,0,0,0,0.0213738736,1,1043134.12,6931.34863
187,0,0,9559.1543,0,0,0,0,0,0,0.0214240886,1,1043134.12,6927.5918
188,0,0,9559.1543,0,0,0,0,0,0,0.0213267207,1,1043134.12,6919.28174
189,0,0,9559.1543,0,0,0,0,0,0,0.0209893994,1,1043134.12,6821.70361
190,0,0,9559.1543,0,0,0,0,0,0,0.0202434845,1,1043134.12,6601.82324
191,0,0,9559.1543,0,0,0,0,0,0,0.0201286022,1,1043134.12,6558.95215
192,0,0,9559.1543,0,0,0,0,0,0,0.0210280605,1,1043134.12,6796.61182
193,0,0,9559.1543,0,0,0,0,0,0,0.0205212906,1,1043134.12,6607.23779
194,0,0,9559.1543,0,0,0,0,0,0,0.0203894228,1,1043134.12,6595.93506
195,0,0,9559.1543,0,0,0,0,0,0,0.0201538876,1,1043134.12,6535.19873
196,0,0,9559.1543,0,0,0,0,0,0,0.0211637951,1,1043134.12,6842.77832
197,0,0,9559.1543,0,0,0,0,0,0,0.0222989973,1,1043134.12,7133.90576
198,0,0,9559.1543,0,0,0,0,0,0,0.0213486366,1,1043134.12,6822.74707
199,0,0,9559.1543,0,0,0,0,0,0,0.0212113317,1,1043134.12,6788.55078
200,0,0,9559.1543,0,0,0,0,0,0,0.0216962472,1,1043134.12,6977.39111
201,0,0,9559.1543,0,0,0,0,0,0,0.0214206763,1,1043134.12,6865.66699
202,0,0,9559.1543,0,0,0,0,0,0,0.0201275963,1,1043134.12,6445.97217
203,0,0,9559.1543,0,0,0,0,0,0,0.0202842373,1,1043134.12,6461.20166
204,0,0,9559.1543,0,0,0,0,0,0,0.0206014737,1,1043134.12,6538.94629
205,0,0,9559.1543,0,0,0,0,0,0,0.0205329712,1,1043134.12,6524.70898
206,0,0,9559.1543,0,0,0,0,0,0,0.019708775,1,1043134.12,6257.63623
207,0,0,9559.1543,0,0,0,0,0,0,0.0195620712,1,1043134.12,6196.80518
208,0,0,9559.1543,0,0,0,0,0,0,0.0188117214,1,1043134.12,5964.46631
209,0,0,9559.1543,0,0,0,0,0,0,0.0182214659,1,1043134.12,5764.16064
210,0,0,9559.1543,0,0,0,0,0,0,0.0186773557,1,1043134.12,5909.00635
211,0,0,9559.1543,0,0,0,0,0,0,0.0186935812,1,1043134.12,5883.01025
212,0,0,9559.1543,0,0,0,0,0,0,0.0194885004,1,1043134.12,6177.51855
213,0,0,9559.1543,0,0,0,0,0,0,0.0190585218,1,1043134.12,6059.3208
214,0,0,9559.1543,0,0,0,0,0,0,0.019745348,1,1043134.12,6231.50781
215,0,0,9559.1543,0,0,0,0,0,0,0.020003926,1,1043134.12,6336.10547
216,0,0,9559.1543,0,0,0,0,0,0,0.0211868025,1,1043134.12,6682.51318
217,0,0,9559.1543,0,0,0,0,0,0,0.0203536768,1,1043134.12,6430.13721
218,0,0,9559.1543,0,0,0,0,0,0,0.0193535443,1,1043134.12,6120.75244
219,0,0,9559.1543,0,0,0,0,0,0,0.0182712395,1,1043134.12,5776.64502
220,0,0,9559.1543,0,0,0,0,0,0,0.017597178,1,1043134.12,5574.84912
221,0,0,9559.1543,0,0,0,0,0,0,0.0187994614,1,1043134.12,5974.8374
222,0,0,9559.1543,0,0,0,0,0,0,0.0186228156,1,1043134.12,5924.24609
223,0,0,9559.1543,0,0,0,0,0,0,0.0186272673,1,1043134.12,5905.78223
224,0,0,9559.1543,0,0,0,0,0,0,0.0182566699,1,1043134.12,5805.96729
225,0,0,9559.1543,0,0,0,0,0,0,0.0184551571,1,1043134.12,5868.45166
226,0,0,9559.1543,0,0,0,0,0,0,0.018677339,1,1043134.12,5903.95947
227,0,0,9559.1543,0,0,0,0,0,0,0.0200087279,1,1043134.12,6292.55176
228,0,0,9559.1543,0,0,0,0,0,0,0.019991925,1,1043134.12,6289.74902
229,0,0,9559.1543,0,0,0,0,0,0,0.0186732765,1,1043134.12,5873.99463
230,0,0,9559.1543,0,0,0,0,0,0,0.0205479972,1,1042751.31,6543.15137
231,0,0,9559.1543,0,0,0,0,0,0,0.0209109318,1,1042751.31,6700.62256
232,0,0,9559.1543,0,0,0,0,0,0,0.0199774299,1,1042751.31,6415.38623
233,0,0,9559.1543,0,0,0,0,0,0,0.0196340438,1,1042751.31,6335.88086
234,0,0,9559.1543,0,0,0,0,0,0,0.0197807048,1,1042751.31,6382.01904
235,0,0,9559.1543,0,0,0,0,0,0,0.0207543578,1,1042751.31,6728.76758
236,0,0,9559.1543,0,0,0,0,0,0,0.0206638109,1,1042751.31,6736.77979
237,0,0,9559.1543,0,0,0,0,0,0,0.0206555314,1,1042751.31,6701.07666
238,0,0,9559.1543,0,0,0,0,0,0,0.0212547332,1,1042751.31,6854.46387
239,0,0,9559.1543,0,0,0,0,0,0,0.0214076228,1,1033561.94,6904.18066
240,0,0,9559.1543,0,0,0,0,0,0,0.0212641805,1,1033561.94,6839.88184
241,0,0,9559.1543,0,0,0,0,0,0,0.0212887395,1,1033561.94,6831.23828
242,0,0,9559.1543,0,0,0,0,0,0,0.0217831638,1,1027738.12,6966.93994
243,0,0,9559.1543,0,0,0,0,0,0,0.0236016549,1,1026129.38,7649.24316
244,0,0,9559.1543,0,0,0,0,0,0,0.0224300306,1,1021509.38,7264.59619
245,0,0,9559.1543,0,0,0,0,0,0,0.022759201,1,1021509.38,7347.1875
246,0,0,9559.1543,0,0,0,0,0,0,0.0222670157,1,1021509.38,7193.14746
247,0,0,9559.1543,0,0,0,0,0,0,0.0217170641,1,1021509.38,7032.27539
248,0,0,9559.1543,0,0,0,0,0,0,0.021386059,1,1021509.38,6905.9209
249,0,0,9559.1543,0,0,0,0,0,0,0.022824036,1,1016134.31,7321.82812
250,0,0,9559.1543,0,0,0,0,0,0,0.0236225408,1,1014083.88,7630.58154
251,0,0,9559.1543,0,0,0,0,0,0,0.0230984408,1,1014083.88,7439.76318
252,0,0,9559.1543,0,0,0,0,0,0,0.0218904186,1,1014083.88,7060.43164
253,0,0,9559.1543,0,0,0,0,0,0,0.0212462991,1,1014083.88,6843.55273
254,0,0,9559.1543,0,0,0,0,0,0,0.0207900759,1,1014083.88,6726.02686
255,0,0,9559.1543,0,0,0,0,0,0,0.0198058486,1,1010566.62,6412.32861
256,0,0,9559.1543,0,1,0,0,0,0,0.0199546963,1,1010566.62,6434.55078
257,0,0,9559.1543,0,0,0,0,0,0,0.0202112664,1,1010047.75,6549.58301
258,0,0,9559.1543,0,0,0,0,0,0,0.0205436852,1,1004021.19,6697.77783
259,0,0,9559.1543,0,0,0,0,0,0,0.0198732149,1,1002691.75,6504.33838
260,0,0,9559.1543,0,0,0,0,0,0,0.0197939146,1,1001476.88,6493.61328
261,0,0,9559.1543,0,0,0,0,0,0,0.0206208806,1,1001476.88,6831.14111
262,0,0,9559.1543,0,0,0,0,0,0,0.0204092618,1,1001476.88,6769.01074
263,0,0,9559.1543,0,0,0,0,0,0,0.0197063219,1,1001476.88,6521.37598
264,0,0,9559.1543,0,0,0,0,0,0,0.0192286577,1,1001476.88,6343.2998
265,0,0,9559.1543,0,0,0,0,0,0,0.0190851577,1,1001476.88,6283.75586
266,0,0,9559.1543,0,0,0,0,0,0,0.0183037724,1,1001476.88,6016.55029
267,0,0,9559.1543,0,0,0,0,0,0,0.0183963459,1,1001476.88,6024.98877
268,0,0,9559.1543,0,0,0,0,0,0,0.0194077343,1,1001476.88,6377.35107
269,0,0,9559.1543,0,0,0,0,0,0,0.0195548274,1,1001476.88,6405.95557
270,0,0,9559.1543,0,0,0,0,0,0,0.01945596,1,1001476.88,6350.58398
271,0,0,9559.1543,0,0,0,0,0,0,0.0191370882,1,1001476.88,6250.50635
272,0,0,9559.1543,0,0,0,0,0,0,0.0190020185,1,1001476.88,6242.854
273,0,0,9559.1543,0,0,0,0,0,0,0.0179685261,1,1001476.88,5901.56982
274,0,0,9559.1543,0,0,0,0,0,0,0.0182017926,1,1001476.88,5961.38184
275,0,0,9559.1543,0,0,0,0,0,0,0.0197311696,1,1001476.88,6397.73828
276,0,0,9559.1543,0,1,0,0,0,0,0.0198953524,1,1001476.88,6420.57373
277,0,0,9559.1543,0,0,0,0,0,0,0.0213832632,1,1001476.88,6919.34961
278,0,0,9559.1543,0,1,0,0,0,0,0.0213930253,1,1001476.88,6885.61475
279,0,0,9559.1543,0,0,0,0,0,0,0.0203170888,1,1001476.88,6527.36084
280,0,0,9559.1543,0,0,0,0,0,0,0.0196280777,1,1001476.88,6303.48682
281,0,0,9559.1543,0,0,0,0,0,0,0.0191013124,1,1001476.88,6115.93848
282,0,0,9559.1543,0,0,0,0,0,0,0.0183468238,1,1001476.88,5860.19287
283,0,0,9559.1543,0,0,0,0,0,0,0.0179197453,1,1001476.88,5710.18359
284,0,0,9559.1543,0,0,0,0,0,0,0.0180719625,1,1001476.88,5798.52295
285,0,0,9559.1543,0,0,0,0,0,0,0.0188012421,1,1001476.88,6054.2666
286,0,0,9559.1543,0,0,0,0,0,0,0.0188803654,1,997387.062,6081.68506
287,0,0,9559.1543,0,0,0,0,0,0,0.0188826397,1,997387.062,6051.51562
288,0,0,9559.1543,0,0,0,0,0,0,0.0185978748,1,997387.062,5969.78662
289,0,0,9559.1543,0,0,0,0,0,0,0.0180801637,1,997387.062,5808.17676
290,0,0,9559.1543,0,0,0,0,0,0,0.0174054876,1,997387.062,5578.53027
291,0,0,9559.1543,0,0,0,0,0,0,0.0173974987,1,997387.062,5594.01904
292,0,0,9559.1543,0,0,0,0,0,0,0.0167680569,1,997387.062,5395.98633
293,0,0,9559.1543,0,0,0,0,0,0,0.0176224653,1,997387.062,5687.19287
294,0,0,9559.1543,0,1,0,0,0,0,0.0180116799,1,997387.062,5783.82178
295,0,0,9559.1543,0,0,0,0,0,0,0.0177411586,1,997387.062,5709.41943
296,0,0,9559.1543,0,0,0,0,0,0,0.0167017989,1,997387.062,5380.2959
297,0,0,9559.1543,0,1,0,0,0,0,0.0164345931,1,997387.062,5279.35498
298,0,0,9559.1543,0,0,0,0,0,0,0.0160229057,1,997387.062,5155.6377
299,0,0,9559.1543,0,0,0,0,0,0,0.0174388513,1,997387.062,5597.18164
300,0,0,9559.1543,0,0,0,0,0,0,0.0177198816,1,997387.062,5670.10156
301,0,0,9559.1543,0,0,0,0,0,0,0.0165264886,1,997387.062,5288.08984
302,0,0,9559.1543,0,0,0,0,0,0,0.016850777,1,997387.062,5374.12354
303,0,0,9559.1543,0,0,0,0,0,0,0.016747741,1,997387.062,5334.271
304,0,0,9559.1543,0,0,0,0,0,0,0.0162595902,1,997387.062,5178.99268
305,0,0,9559.1543,0,0,0,0,0,0,0.0168477949,1,997387.062,5374.63623
306,0,0,9559.1543,0,0,0,0,0,0,0.0165102761,1,997387.062,5268.48828
307,0,0,9559.1543,0,0,0,0,0,0,0.0161402859,1,997387.062,5164.35986
308,0,0,9559.1543,0,0,0,0,0,0,0.0157122985,1,997387.062,5042.50391
309,0,0,9559.1543,0,0,0,0,0,0,0.0169490837,1,997387.062,5461.64209
310,0,0,9559.1543,0,1,0,0,0,0,0.0175804459,1,997387.062,5645.05176
311,0,0,9559.1543,0,0,0,0,0,0,0.0175131932,1,997387.062,5646.10596
312,0,0,9559.1543,0,1,0,0,0,0,0.0185441859,1,997387.062,5954.51807
313,0,0,9559.1543,0,0,0,0,0,0,0.0198350884,1,997387.062,6340.60156
314,0,0,9559.1543,0,0,0,0,0,0,0.0205670409,1,997387.062,6516.17041
315,0,0,9559.1543,0,0,0,0,0,0,0.0204821844,1,997387.062,6489.64941
316,0,0,9559.1543,0,0,0,0,0,0,0.0202929303,1,997387.062,6459.50928
317,0,0,9559.1543,0,0,0,0,0,0,0.0202321988,1,997387.062,6462.59326
318,0,0,9559.1543,0,0,0,0,0,0,0.0213556625,1,997387.062,6860.19385
319,0,0,9559.1543,0,0,0,0,0,0,0.0216434114,1,997387.062,6973.07715
320,0,0,9559.1543,0,1,0,0,0,0,0.0238242727,1,997387.062,7587.91992
321,0,0,9559.1543,0,0,0,0,0,0,0.0231124181,1,997387.062,7353.68018
322,0,0,9559.1543,0,0,0,0,0,0,0.0240316112,1,997387.062,7710.01562
323,0,0,9559.1543,0,0,0,0,0,0,0.0227315873,1,997387.062,7286.24658
324,0,0,9559.1543,0,0,0,0,0,0,0.0222930498,1,997387.062,7173.76904
325,0,0,9559.1543,0,1,0,0,0,0,0.0222613681,1,997387.062,7116.61133
326,0,0,9559.1543,0,0,0,0,0,0,0.0222374629,1,997387.062,7082.88916
327,0,0,9559.1543,0,0,0,0,0,0,0.0216022804,1,997387.062,6908.12012
328,0,0,9559.1543,0,0,0,0,0,0,0.0207126681,1,997387.062,6636.39258
329,0,0,9559.1543,0,0,0,0,0,0,0.0207673945,1,997387.062,6618.31982
330,0,0,9559.1543,0,0,0,0,0,0,0.0226628147,1,997387.062,7188.73438
331,0,0,9559.1543,0,0,0,0,0,0,0.0221413076,1,997387.062,7027.78467
332,0,0,9559.1543,0,0,0,0,0,0,0.0221596565,1,997387.062,7002.06348
333,0,0,9559.1543,0,0,0,0,0,0,0.0218422264,1,997387.062,6875.95605
334,0,0,9559.1543,0,0,0,0,0,0,0.0232062098,1,997387.062,7236.62012
335,0,0,9559.1543,0,0,0,0,0,0,0.0230662562,1,997387.062,7165.87939
336,0,0,9559.1543,0,0,0,0,0,0,0.0219132155,1,997387.062,6824.14258
337,0,0,9559.1543,0,0,0,0,0,0,0.021940805,1,997387.062,6817.18604
338,0,0,9559.1543,0,0,0,0,0,0,0.0213415232,1,997387.062,6604.28906
339,0,0,9559.1543,0,0,0,0,0,0,0.0206500087,1,997387.062,6375.13428
340,0,0,9559.1543,0,0,0,0,0,0,0.0203306172,1,997387.062,6273.78516
341,0,0,9559.1543,0,0,0,0,0,0,0.0216960404,1,997387.062,6646.2915
342,0,0,9559.1543,0,0,0,0,0,0,0.0213627331,1,997387.062,6523.01172
343,0,0,9559.1543,0,0,0,0,0,0,0.0205979832,1,997387.062,6312.3457
344,0,0,9559.1543,0,0,0,0,0,0,0.0202521998,1,997387.062,6203.23633
345,0,0,9559.1543,0,0,0,0,0,0,0.0192344412,1,997387.062,5887.07227
346,0,0,9559.1543,0,0,0,0,0,0,0.0194348842,1,997387.062,5938.94189
347,0,0,9559.1543,0,0,0,0,0,0,0.0202674307,1,997387.062,6218.23633
348,0,0,9559.1543,0,0,0,0,0,0,0.0194540732,1,997387.062,5962.77734
349,0,0,9559.1543,0,0,0,0,0,0,0.0183926132,1,997387.062,5641.5791
350,0,0,9559.1543,0,0,0,0,0,0,0.0180333778,1,997387.062,5526.02881
351,0,0,9559.1543,0,0,0,0,0,0,0.0168836601,1,997387.062,5173.33936
352,0,0,9559.1543,0,0,0,0,0,0,0.0165855754,1,997387.062,5065.03369
353,0,0,9559.1543,0,0,0,0,0,0,0.0160316434,1,997387.062,4905.1875
354,0,0,9559.1543,0,0,0,0,0,0,0.0156858452,1,997387.062,4802.56689
355,0,0,9559.1543,0,0,0,0,0,0,0.0158318318,1,997387.062,4852.55322
356,0,0,9559.1543,0,0,0,0,0,0,0.0157918911,1,997387.062,4835.32617
357,0,0,9559.1543,0,0,0,0,0,0,0.0155327693,1,997387.062,4774.03516
358,0,0,9559.1543,0,0,0,0,0,0,0.0153296236,1,997387.062,4699.93018
359,0,0,9559.1543,0,0,0,0,0,0,0.015145571,1,997387.062,4628.51123
360,0,0,9559.1543,0,0,0,0,0,0,0.0146601368,1,997387.062,4480.93457
361,0,0,9559.1543,0,0,0,0,0,0,0.0151891392,1,997387.062,4611.56445
362,0,0,9559.1543,0,0,0,0,0,0,0.0154573712,1,997387.062,4693.85889
363,0,0,9559.1543,0,0,0,0,0,0,0.0148327108,1,997387.062,4508.86426
364,0,0,9559.1543,0,0,0,0,0,0,0.0157587435,1,997387.062,4758.70898
365,0,0,9559.1543,0,0,0,0,0,0,0.0165697094,1,997387.062,5013.43066
366,0,0,9559.1543,0,0,0,0,0,0,0.0167712923,1,997387.062,5061.75684
367,0,0,9559.1543,0,0,0,0,0,0,0.0181280877,1,997387.062,5492.80566
368,0,0,9559.1543,0,0,0,0,0,0,0.0173295476,1,997387.062,5262.44922
369,0,0,9559.1543,0,0,0,0,0,0,0.0172172356,1,997387.062,5225.5332
370,0,0,9559.1543,0,0,0,0,0,0,0.0161905047,1,997387.062,4918.64697
371,0,0,9559.1543,0,0,0,0,0,0,0.0165605191,1,997387.062,5044.8374
372,0,0,9559.1543,0,0,0,0,0,0,0.0163890347,1,997387.062,4975.46973
373,0,0,9559.1543,0,0,0,0,0,0,0.0160354562,1,997387.062,4862.96729
374,0,0,9559.1543,0,0,0,0,0,0,0.0156060066,1,997387.062,4736.48291
375,0,0,9559.1543,0,0,0,0,0,0,0.0152147142,1,997387.062,4605.50195
376,0,0,9559.1543,0,0,0,0,0,0,0.0157866366,1,997387.062,4774.77393
377,0,0,9559.1543,0,0,0,0,0,0,0.0172443893,1,997387.062,5241.34814
378,0,0,9559.1543,0,0,0,0,0,0,0.0173493717,1,997387.062,5286.26953
379,0,0,9559.1543,0,0,0,0,0,0,0.0176775232,1,997387.062,5411.60742
380,0,0,9559.1543,0,0,0,0,0,0,0.0174142309,1,997387.062,5316.89893
381,0,0,9559.1543,0,0,0,0,0,0,0.0174089037,1,997387.062,5334.04443
382,0,0,9559.1543,0,0,0,0,0,0,0.0174603537,1,995539.375,5330.93408
383,0,0,9559.1543,0,0,0,0,0,0,0.0168447252,1,993238.75,5130.7334
384,0,0,9559.1543,0,0,0,0,0,0,0.0178594701,1,991460.75,5415.93555
385,0,0,9559.1543,0,0,0,0,0,0,0.0180338677,1,989648.188,5457.68555
386,0,0,9559.1543,0,0,0,0,0,0,0.0192811191,1,989648.188,5807.48047
387,0,0,9559.1543,0,0,0,0,0,0,0.0194840822,1,989648.188,5844.32568
388,0,0,9559.1543,0,0,0,0,0,0,0.0186138432,1,987673.688,5596.56152
389,0,0,9559.1543,0,0,0,0,0,0,0.0180350747,1,987305.438,5434.82031
390,0,0,9559.1543,0,0,0,0,0,0,0.017556794,1,987305.438,5302.90479
391,0,0,9559.1543,0,0,0,0,0,0,0.0179403313,1,987305.438,5392.31348
392,0,0,9559.1543,0,0,0,0,0,0,0.0172046795,1,987305.438,5182.21973
393,0,0,9559.1543,0,0,0,0,0,0,0.0179609377,1,987305.438,5380.80225
394,0,0,9559.1543,0,0,0,0,0,0,0.0173063017,1,983683,5188.60645
395,0,0,9559.1543,0,0,0,0,0,0,0.0161638949,1,976165.625,4845.91602
396,0,0,9559.1543,0,0,0,0,0,0,0.0162561517,1,976165.625,4863.07812
397,0,0,9559.1543,0,0,0,0,0,0,0.0158459358,1,971529.562,4727.71973
398,0,0,9559.1543,0,0,0,0,0,0,0.0161750205,1,971529.562,4850.29346
399,0,0,9559.1543,0,0,0,0,0,0,0.0162147973,1,971529.562,4843.56738
400,0,0,9559.1543,0,0,0,0,0,0,0.0160583146,1,971529.562,4784.95557
401,0,0,9559.1543,0,0,0,0,0,0,0.0168084595,1,971529.562,4988.38721
402,0,0,9559.1543,0,0,0,0,0,0,0.0159366857,1,971529.562,4724.31934
403,0,0,9559.1543,0,0,0,0,0,0,0.0161259882,1,971529.562,4777.85449
404,0,0,9559.1543,0,0,0,0,0,0,0.0162887052,1,971529.562,4806.69971
405,0,0,9559.1543,0,0,0,0,0,0,0.0163017977,1,971529.562,4838.74365
406,0,0,9559.1543,0,0,0,0,0,0,0.0154026868,1,971529.562,4573.19043
407,0,0,9559.1543,0,0,0,0,0,0,0.0157800224,1,971529.562,4666.7793
408,0,0,9559.1543,0,0,0,0,0,0,0.0156506114,1,971529.562,4626.00049
409,0,0,9559.1543,0,0,0,0,0,0,0.0151013741,1,971529.562,4467.40234
410,0,0,9559.1543,0,0,0,0,0,0,0.0146007957,1,971529.562,4329.96289
411,0,0,9559.1543,0,0,0,0,0,0,0.0148185045,1,971529.562,4380.44775
412,0,0,9559.1543,0,0,0,0,0,0,0.0159709472,1,971529.562,4704.72852
413,0,0,9559.1543,0,0,0,0,0,0,0.0167511776,1,970223.812,4941.94873
414,0,0,9559.1543,0,0,0,0,0,0,0.0163776278,1,970223.812,4834.64893
415,0,0,9559.1543,0,0,0,0,0,0,0.0165977087,1,970223.812,4888.48633
416,0,0,9559.1543,0,0,0,0,0,0,0.0168592148,1,970223.812,4962.63037
417,0,0,9559.1543,0,0,0,0,0,0,0.0163051244,1,970223.812,4810.66992
418,0,0,9559.1543,0,0,0,0,0,0,0.0172033049,1,970223.812,5085.15771
419,0,0,9559.1543,0,0,0,0,0,0,0.0170865934,1,970223.812,5039.81152
420,0,0,9559.1543,0,0,0,0,0,0,0.0162065141,1,970223.812,4788.43213
421,0,0,9559.1543,0,0,0,0,0,0,0.0163975544,1,970223.812,4829.76758
422,0,0,9559.1543,0,0,0,0,0,0,0.0166348927,1,970223.812,4911.48975
423,0,0,9559.1543,0,0,0,0,0,0,0.0171694234,1,970223.812,5043.59766
424,0,0,9559.1543,0,0,0,0,0,0,0.0173178166,1,970223.812,5068.99707
425,0,0,9559.1543,0,0,0,0,0,0,0.0165952537,1,970223.812,4848.83643
426,0,0,9559.1543,0,0,0,0,0,0,0.0164343268,1,970223.812,4807.09375
427,0,0,9559.1543,0,0,0,0,0,0,0.0165253654,1,970223.812,4822.77881
428,0,0,9559.1543,0,0,0,0,0,0,0.0172311738,1,970223.812,4993.875
429,0,0,9559.1543,0,0,0,0,0,0,0.0166910756,1,970223.812,4834.43311
430,0,0,9559.1543,0,0,0,0,0,0,0.0175673421,1,970223.812,5110.45557
431,0,0,9559.1543,0,0,0,0,0,0,0.0193275921,1,970223.812,5651.84717
432,0,0,9559.1543,0,0,0,0,0,0,0.0187873878,1,969347.625,5509.25537
433,0,0,9559.1543,0,0,0,0,0,0,0.018260926,1,969347.625,5360.06738
434,0,0,9559.1543,0,0,0,0,0,0,0.0174462534,1,969347.625,5125.41064
435,0,0,9559.1543,0,0,0,0,0,0,0.0168584343,1,969347.625,4944.36328
436,0,0,9559.1543,0,0,0,0,0,0,0.0166907869,1,969347.625,4901.57373
437,0,0,9559.1543,0,0,0,0,0,0,0.0159633923,1,969347.625,4683.34082
438,0,0,9559.1543,0,0,0,0,0,0,0.0164728854,1,969347.625,4847.14258
439,0,0,9559.1543,0,0,0,0,0,0,0.0171251986,1,968816.625,5057.28857
440,0,0,9559.1543,0,0,0,0,0,0,0.0170733929,1,966349.625,5053.60254
441,0,0,9559.1543,0,0,0,0,0,0,0.0167267043,1,966349.625,4944.70215
442,0,0,9559.1543,0,0,0,0,0,0,0.0163912624,1,966349.625,4854.02246
443,0,0,9559.1543,0,0,0,0,0,0,0.0164862424,1,966349.625,4896.16357
444,0,0,9559.1543,0,0,0,0,0,0,0.0162225682,1,965404.312,4839.08936
445,0,0,9559.1543,0,0,0,0,0,0,0.0165934041,1,961836.375,4922.63184
446,0,0,9559.1543,0,0,0,0,0,0,0.0167545341,1,961836.375,4985.3457
447,0,0,9559.1543,0,0,0,0,0,0,0.0159157608,1,961836.375,4733.60693
448,0,0,9559.1543,0,0,0,0,0,0,0.0167002417,1,961829.312,4976.08594
449,0,0,9559.1543,0,0,0,0,0,0,0.0157252736,1,961151.875,4687.98145
450,0,0,9559.1543,0,0,0,0,0,0,0.0162332784,1,954383.375,4870.59424
451,0,0,9559.1543,0,0,0,0,0,0,0.0155757358,1,953419.312,4682.85986
452,0,0,9559.1543,0,1,0,0,0,0,0.0152125685,1,948795.188,4569.36523
453,0,0,9559.1543,0,0,0,0,0,0,0.0154226199,1,945931.062,4645.40625
454,0,0,9559.1543,0,1,0,0,0,0,0.0173046086,1,936882.938,5178.24756
455,0,0,9559.1543,0,0,0,0,0,0,0.0185184889,1,936553.312,5567.8457
456,0,0,9559.1543,0,1,0,0,0,0,0.0192959495,1,936553.312,5781.05322
457,0,0,9559.1543,0,0,0,0,0,0,0.0207193643,1,932166.438,6174.79932
458,0,0,9559.1543,0,0,0,0,0,0,0.0219205953,1,928969.25,6552.8584
459,0,0,9559.1543,0,0,0,0,0,0,0.0212075394,1,928445.25,6346.31494
460,0,0,9559.1543,0,0,0,0,0,0,0.0202368796,1,928140.062,6053.13184
461,0,0,9559.1543,0,0,0,0,0,0,0.0207624957,1,923517,6192.7251
462,0,0,9559.1543,0,0,0,0,0,0,0.021601893,1,923517,6481.47705
463,0,0,9559.1543,0,1,0,0,0,0,0.0212978758,1,923517,6365.49658
464,0,0,9559.1543,0,0,0,0,0,0,0.022751132,1,923517,6877.76465
465,0,0,9559.1543,0,0,0,0,0,0,0.0224055704,1,923517,6764.17871
466,0,0,9559.1543,0,0,0,0,0,0,0.022392394,1,923517,6721.30859
467,0,0,9559.1543,0,1,0,0,0,0,0.0215059295,1,922784.938,6437.65283
468,0,0,9559.1543,0,0,0,0,0,0,0.0220180918,1,922784.938,6562.8252
469,0,0,9559.1543,0,0,0,0,0,0,0.0220423974,1,922784.938,6541.45361
470,0,0,9559.1543,0,0,0,0,0,0,0.0215246603,1,922784.938,6369.56396
471,0,0,9559.1543,0,0,0,0,0,0,0.0219475999,1,922784.938,6551.21582
472,0,0,9559.1543,0,0,0,0,0,0,0.0217775367,1,922784.938,6493.65576
473,0,0,9559.1543,0,0,0,0,0,0,0.0209129229,1,922784.938,6248.17139
474,0,0,9559.1543,0,0,0,0,0,0,0.020805439,1,922784.938,6224.89111
475,0,0,9559.1543,0,0,0,0,0,0,0.0199732129,1,922784.938,5969.61328
476,0,0,9559.1543,0,1,0,0,0,0,0.0189988688,1,922784.938,5671.03809
477,0,0,9559.1543,0,0,0,0,0,0,0.0200540945,1,922784.938,6010.41504
478,0,0,9559.1543,0,0,0,0,0,0,0.0192622188,1,920355.5,5777.74268
479,0,0,9559.1543,0,0,0,0,0,0,0.0194106083,1,920355.5,5805.47998
480,0,0,9559.1543,0,1,0,0,0,0,0.018772481,1,920355.5,5598.85645
481,0,0,9559.1543,0,0,0,0,0,0,0.0200951993,1,920355.5,6037.15234
482,0,0,9559.1543,0,0,0,0,0,0,0.0206132177,1,920355.5,6239.56104
483,0,0,9559.1543,0,0,0,0,0,0,0.0199008901,1,920355.5,6007.72168
484,0,0,9559.1543,0,0,0,0,0,0,0.0199443623,1,920355.5,6016.21045
485,0,0,9559.1543,0,0,0,0,0,0,0.0201251581,1,920355.5,6111.74023
486,0,0,9559.1543,0,0,0,0,0,0,0.0193745252,1,920355.5,5880.83008
487,0,0,9559.1543,0,0,0,0,0,0,0.0187367443,1,920355.5,5693.271
488,0,0,9559.1543,0,0,0,0,0,0,0.0182270464,1,920355.5,5544.88574
489,0,0,9559.1543,1,0,0,0,0,0,0.0199390147,1,923662.062,6121.58154
490,1,921506.188,9520.9248,0,0,0,0,0,0,0.0202833619,1,923662.062,6211.72754
491,1,921506.188,9555.49609,0,0,0,0,0,0,0.0203094911,1,923731.5,6242.2915
492,1,921506.188,9521.42871,0,0,0,0,0,0,0.0210698564,1,925033.938,6452.93164
493,1,921506.188,9553.78418,0,0,0,0,0,0,0.020344194,1,925033.938,6251.83838
494,1,921506.188,9624.23047,1,0,0,0,0,0,0.0210333299,1,930252.812,6511.2251
495,1,921506.188,9660.37598,1,0,0,0,0,0,0.020348018,1,932379.625,6322.70898
496,1,921506.188,9646.08887,0,0,0,0,0,0,0.0197840948,1,933368.938,6138.39941
497,1,921506.188,9604.30957,0,0,0,0,0,0,0.0198222175,1,933368.938,6123.61621
498,1,921506.188,9665.32324,0,0,0,0,0,0,0.0206809323,1,934931.312,6429.44287
499,1,921506.188,9679.60449,0,0,0,0,0,0,0.0194938201,1,934931.312,6069.33105
500,1,921506.188,9702.32324,1,0,0,0,0,0,0.0194391757,1,938151.375,6066.5083
501,1,921506.188,9636.37793,0,0,0,0,0,0,0.0205732752,1,938263.125,6376.83789
502,1,921506.188,9641.07227,0,0,0,0,0,0,0.0198320225,1,938263.125,6150.07275
503,1,921506.188,9651.35352,0,0,0,0,0,0,0.0192353036,1,938263.125,5971.37988
504,1,921506.188,9654.3877,0,0,0,0,0,0,0.0181722622,1,938263.125,5643.14307
505,1,921506.188,9668.57715,0,0,0,0,0,0,0.0180978701,1,938263.125,5628.29346
506,1,921506.188,9628.13867,0,0,0,0,0,0,0.0188692007,1,938263.125,5843.65186
507,1,921506.188,9631.93164,0,0,0,0,0,0,0.0183046814,1,938263.125,5671.05615
508,1,921506.188,9635.59473,0,0,0,0,0,0,0.0184717476,1,938263.125,5724.98975
509,1,921506.188,9607.11328,0,0,0,0,0,0,0.0183901843,1,938263.125,5682.87891
510,0,0,9530.10449,0,0,0,0,0,0,0.0192771889,1,938263.125,5937.86523
511,0,0,9530.10449,0,0,0,0,0,0,0.0186038464,1,938263.125,5721.60693
512,0,0,9530.10449,0,0,0,0,0,0,0.0180358943,1,938263.125,5557.01465
513,0,0,9530.10449,0,0,0,0,0,0,0.0168576483,1,938263.125,5193.45117
514,0,0,9530.10449,0,0,0,0,0,0,0.0186896864,1,938263.125,5779.86963
515,0,0,9530.10449,0,0,0,0,0,0,0.0196569804,1,938263.125,6118.97266
516,0,0,9530.10449,0,0,0,0,0,0,0.018792145,1,938263.125,5841.64893
517,0,0,9530.10449,0,0,0,0,0,0,0.0180994943,1,938263.125,5641.33496
518,0,0,9530.10449,1,0,0,0,0,0,0.0184595045,1,940808.062,5777.83789
519,1,939471.562,9466.30078,0,0,0,0,0,0,0.0186952669,1,940808.062,5821.21533
520,1,939471.562,9458.18262,0,0,0,0,0,0,0.0176385082,1,940808.062,5487.46338
521,1,939471.562,9467.53223,0,0,0,0,0,0,0.017554082,1,940808.062,5466.59082
522,1,939471.562,9527.32812,0,0,0,0,0,0,0.0190207902,1,943392.438,5960.71826
523,1,939471.562,9449.59668,0,0,0,0,0,0,0.0196584389,1,943392.438,6110.33203
524,1,939471.562,9425.86035,0,0,0,0,0,0,0.0195460897,1,943392.438,6060.16553
525,1,939471.562,9447.98633,0,0,0,0,0,0,0.01908537,1,943392.438,5931.19824
526,1,939471.562,9493.55762,0,0,0,0,0,0,0.0189376324,1,943392.438,5913.64404
527,1,939471.562,9495.43262,0,0,0,0,0,0,0.0182946753,1,943392.438,5713.99512
528,1,939471.562,9431.875,0,0,0,0,0,0,0.0191078465,1,943392.438,5928.06689
529,1,939471.562,9458.66016,0,0,0,0,0,0,0.0187294893,1,943392.438,5827.16943
530,1,939471.562,9467.9873,0,0,0,0,0,0,0.017832106,1,943392.438,5553.43848
531,1,939471.562,9475.0791,0,0,0,0,0,0,0.0181925893,1,943392.438,5669.94287
532,1,939471.562,9437.06152,0,0,0,0,0,0,0.0187574998,1,943392.438,5822.57178
533,1,939471.562,9431.83398,0,0,0,0,0,0,0.0179664772,1,943392.438,5573.94141
534,1,939471.562,9470.64355,0,0,0,0,0,0,0.0184425861,1,943392.438,5745.16895
535,1,939471.562,9503.38477,0,0,0,0,0,0,0.0184809119,1,943392.438,5776.9917
536,1,939471.562,9577.45215,1,0,0,0,0,0,0.0187689085,1,945266.938,5912.69775
537,1,939471.562,9576.26074,0,0,0,0,0,0,0.0184002351,1,947158.25,5795.83545
538,1,939471.562,9509.25,0,0,0,0,0,0,0.0196990557,1,947158.25,6161.57031
539,1,939471.562,9466.36914,0,0,0,0,0,0,0.0194117855,1,947158.25,6044.36426
540,1,939471.562,9452.90918,0,0,0,0,0,0,0.0184716638,1,947158.25,5743.46338
541,1,939471.562,9501.78711,0,0,0,0,0,0,0.018230496,1,947158.25,5697.75635
542,1,939471.562,9457.13281,0,0,0,0,0,0,0.0192731433,1,947158.25,5995.34521
543,1,939471.562,9456.34766,0,0,0,0,0,0,0.01846168,1,947158.25,5742.44531
544,1,939471.562,9489.22852,0,0,0,0,0,0,0.0181326121,1,947158.25,5659.68115
545,1,939471.562,9488.13086,0,0,0,0,0,0,0.0175066292,1,947158.25,5463.66357
546,1,939471.562,9504.36426,0,0,0,0,0,0,0.0170136187,1,947158.25,5318.875
547,0,0,9420.91895,0,0,0,0,0,0,0.0188594479,1,947158.25,5829.90625
548,0,0,9420.91895,0,0,0,0,0,0,0.0196294747,1,947158.25,6042.50244
549,0,0,9420.91895,0,0,0,0,0,0,0.0190798379,1,947158.25,5880.22119
550,0,0,9420.91895,0,0,0,0,0,0,0.0195987392,1,947158.25,6021.50879
551,0,0,9420.91895,0,0,0,0,0,0,0.0198007487,1,947158.25,6060.21338
552,0,0,9420.91895,0,1,0,0,0,0,0.0203406569,1,947158.25,6184.75195
553,0,0,9420.91895,0,0,0,0,0,0,0.0206361897,1,947158.25,6279.76074
554,0,0,9420.91895,0,0,0,0,0,0,0.0202229973,1,947158.25,6156.78223
555,0,0,9420.91895,0,0,0,0,0,0,0.0194863733,1,947158.25,5928.43164
556,0,0,9420.91895,0,0,0,0,0,0,0.0185717475,1,947158.25,5653.94531
557,0,0,9420.91895,0,0,0,0,0,0,0.0186912846,1,947158.25,5711.00732
558,0,0,9420.91895,0,1,0,0,0,0,0.0179505292,1,947158.25,5477.71191
559,0,0,9420.91895,0,0,0,0,0,0,0.01994697,1,947158.25,6019.18359
560,0,0,9420.91895,0,0,0,0,0,0,0.0201055221,1,947158.25,6099.71973
561,0,0,9420.91895,0,0,0,0,0,0,0.0195631012,1,947158.25,5915.71289
562,0,0,9420.91895,0,0,0,0,0,0,0.0187945943,1,947158.25,5697.7959
563,0,0,9420.91895,0,0,0,0,0,0,0.0188859496,1,947158.25,5729.47998
564,0,0,9420.91895,0,0,0,0,0,0,0.0176217295,1,947158.25,5345.90527
565,0,0,9420.91895,0,0,0,0,0,0,0.0173743665,1,947158.25,5287.65771
566,0,0,9420.91895,0,0,0,0,0,0,0.0180377085,1,947158.25,5474.11963
567,0,0,9420.91895,0,0,0,0,0,0,0.0181252267,1,947158.25,5493.41016
568,0,0,9420.91895,0,0,0,0,0,0,0.0184026584,1,947158.25,5601.4834
569,0,0,9420.91895,0,0,0,0,0,0,0.0196506269,1,947158.25,6010.02051
570,0,0,9420.91895,0,0,0,0,0,0,0.0184395611,1,947158.25,5639.604
571,0,0,9420.91895,0,0,0,0,0,0,0.0189408772,1,947158.25,5803.60986
572,0,0,9420.91895,0,0,0,0,0,0,0.0188407153,1,947158.25,5787.51709
573,0,0,9420.91895,0,0,0,0,0,0,0.0183390304,1,947158.25,5620.04688
574,0,0,9420.91895,0,1,0,0,0,0,0.0184978656,1,947158.25,5655.42725
575,0,0,9420.91895,0,0,0,0,0,0,0.0179831665,1,947158.25,5516.18262
576,0,0,9420.91895,0,0,0,0,0,0,0.0178533271,1,947158.25,5471.41943
577,0,0,9420.91895,0,1,0,0,0,0,0.0183889698,1,947158.25,5592.73779
578,0,0,9420.91895,0,0,0,0,0,0,0.0198044498,1,947158.25,5987.45312
579,0,0,9420.91895,0,0,0,0,0,0,0.0189502705,1,947158.25,5720.84033
580,0,0,9420.91895,0,0,0,0,0,0,0.0198007673,1,947158.25,5959.42334
581,0,0,9420.91895,0,0,0,0,0,0,0.0218816716,1,947158.25,6665.91553
582,0,0,9420.91895,0,0,0,0,0,0,0.0207253918,1,947158.25,6319.90381
583,0,0,9420.91895,0,0,0,0,0,0,0.0199080463,1,947158.25,6064.59814
584,0,0,9420.91895,0,0,0,0,0,0,0.0211777631,1,947158.25,6412.55566
585,0,0,9420.91895,0,0,0,0,0,0,0.0213656463,1,947158.25,6456.7168
586,0,0,9420.91895,0,0,0,0,0,0,0.0201968923,1,947158.25,6110.43799
587,0,0,9420.91895,0,0,0,0,0,0,0.0200323425,1,947158.25,6051.55859
588,0,0,9420.91895,0,0,0,0,0,0,0.0197782386,1,947158.25,5988.6792
589,0,0,9420.91895,0,0,0,0,0,0,0.0197477378,1,947158.25,5945.00098
590,0,0,9420.91895,0,0,0,0,0,0,0.0196199473,1,947158.25,5908.42969
591,0,0,9420.91895,0,0,0,0,0,0,0.0198243894,1,947158.25,5989.85449
592,0,0,9420.91895,0,0,0,0,0,0,0.0197708048,1,947158.25,5955.51221
593,0,0,9420.91895,0,0,0,0,0,0,0.0194732305,1,947158.25,5883.72998
594,0,0,9420.91895,0,0,0,0,0,0,0.018946154,1,947158.25,5711.68213
595,0,0,9420.91895,0,0,0,0,0,0,0.018292306,1,947158.25,5499.55322
596,0,0,9420.91895,0,0,0,0,0,0,0.0174574237,1,947158.25,5257.50049
597,0,0,9420.91895,0,0,0,0,0,0,0.0180515945,1,947158.25,5397.21924
598,0,0,9420.91895,0,0,0,0,0,0,0.0181893893,1,947158.25,5415.60107
599,0,0,9420.91895,0,0,0,0,0,0,0.0196393169,1,947158.25,5843.54932
