t,position,entry_px,equity,el,xl,es,xs,stop,tp,trail,size,local0
0,0,0,10000,0,0,0,0,0.0299999993,0,0,0.75,50
1,0,0,10000,0,1,0,0,0.0299999993,0,0,0.75,100
2,0,0,10000,0,0,0,0,0.0299999993,0,0,0.75,100
3,0,0,10000,0,0,0,0,0.0299999993,0,0,0.75,100
4,0,0,10000,0,0,0,0,0.0299999993,0,0,0.75,100
5,0,0,10000,0,0,0,0,0.0299999993,0,0,0.75,100
6,0,0,10000,0,0,0,0,0.0299999993,0,0,0.75,97.1818466
7,0,0,10000,0,0,0,0,0.0299999993,0,0,0.75,97.3619308
8,0,0,10000,0,0,0,0,0.0299999993,0,0,0.75,97.8205566
9,0,0,10000,0,0,0,0,0.0299999993,0,0,0.75,98.007309
10,0,0,10000,0,0,0,0,0.0299999993,0,0,0.75,98.0275803
11,0,0,10000,0,0,0,0,0.0299999993,0,0,0.75,98.06073
12,0,0,10000,0,0,0,0,0.0299999993,0,0,0.75,88.9390869
13,0,0,10000,0,0,0,0,0.0299999993,0,0,0.75,89.0547485
14,0,0,10000,0,0,0,0,0.0299999993,0,0,0.75,89.3635712
15,0,0,10000,0,0,0,0,0.0299999993,0,0,0.75,90.3418427
16,0,0,10000,0,0,0,0,0.0299999993,0,0,0.75,81.7466278
17,0,0,10000,0,0,0,0,0.0299999993,0,0,0.75,68.0022202
18,0,0,10000,0,1,0,0,0.0299999993,0,0,0.75,73.1891251
19,0,0,10000,0,0,0,0,0.0299999993,0,0,0.75,62.325592
20,0,0,10000,0,0,0,0,0.0299999993,0,0,0.75,62.5390816
21,0,0,10000,0,0,0,0,0.0299999993,0,0,0.75,62.7044449
22,0,0,10000,0,0,0,0,0.0299999993,0,0,0.75,68.7470474
23,0,0,10000,0,0,0,0,0.0299999993,0,0,0.75,65.2966309
24,0,0,10000,0,1,0,0,0.0299999993,0,0,0.75,71.2790375
25,0,0,10000,0,0,0,0,0.0299999993,0,0,0.75,66.4399109
26,0,0,10000,0,0,0,0,0.0299999993,0,0,0.75,65.0113754
27,0,0,10000,0,0,0,0,0.0299999993,0,0,0.75,60.1945801
28,0,0,10000,0,0,0,0,0.0299999993,0,0,0.75,52.2820969
29,0,0,10000,0,0,0,0,0.0299999993,0,0,0.75,52.6898613
30,0,0,10000,0,0,0,0,0.0299999993,0,0,0.75,53.4634781
31,0,0,10000,0,0,0,0,0.0299999993,0,0,0.75,48.9842262
32,0,0,10000,0,0,0,0,0.0299999993,0,0,0.75,49.2106781
33,0,0,10000,0,0,0,0,0.0299999993,0,0,0.75,52.9347725
34,0,0,10000,0,0,0,0,0.0299999993,0,0,0.75,59.2652206
35,0,0,10000,0,0,0,0,0.0299999993,0,0,0.75,57.7489319
36,0,0,10000,0,0,0,0,0.0299999993,0,0,0.75,61.1483574
37,0,0,10000,0,0,0,0,0.0299999993,0,0,0.75,61.1794586
38,0,0,10000,0,0,0,0,0.0299999993,0,0,0.75,61.4482651
39,0,0,10000,0,0,0,0,0.0299999993,0,0,0.75,57.060112
40,0,0,10000,0,0,0,0,0.0299999993,0,0,0.75,60.9829369
41,0,0,10000,0,0,0,0,0.0299999993,0,0,0.75,54.6941528
42,0,0,10000,0,0,0,0,0.0299999993,0,0,0.75,55.5978012
43,0,0,10000,0,0,0,0,0.0299999993,0,0,0.75,60.5467148
44,0,0,10000,0,0,0,0,0.0299999993,0,0,0.75,58.4505424
45,0,0,10000,0,0,0,0,0.0299999993,0,0,0.75,60.8925209
46,0,0,10000,0,0,0,0,0.0299999993,0,0,0.75,56.3607826
47,0,0,10000,0,0,0,0,0.0299999993,0,0,0.75,65.8608627
48,0,0,10000,0,0,0,0,0.0299999993,0,0,0.75,67.7083588
49,0,0,10000,0,0,0,0,0.0299999993,0,0,0.75,62.034523
50,0,0,10000,0,0,0,0,0.0299999993,0,0,0.75,59.0942574
51,0,0,10000,0,0,0,0,0.0299999993,0,0,0.75,56.710453
52,0,0,10000,0,0,0,0,0.0299999993,0,0,0.75,56.3321228
53,0,0,10000,0,0,0,0,0.0299999993,0,0,0.75,50.6072807
54,0,0,10000,0,0,0,0,0.0299999993,0,0,0.75,50.4938965
55,0,0,10000,0,0,0,0,0.0299999993,0,0,0.75,51.9004211
56,0,0,10000,0,0,0,0,0.0299999993,0,0,0.75,56.7734299
57,0,0,10000,0,0,0,0,0.0299999993,0,0,0.75,55.4718628
58,0,0,10000,0,0,0,0,0.0299999993,0,0,0.75,54.5388031
59,0,0,10000,0,0,0,0,0.0299999993,0,0,0.75,51.2110825
60,0,0,10000,0,0,0,0,0.0299999993,0,0,0.75,57.450325
61,0,0,10000,0,0,0,0,0.0299999993,0,0,0.75,49.7047691
62,0,0,10000,0,0,0,0,0.0299999993,0,0,0.75,42.1778564
63,0,0,10000,0,0,0,0,0.0299999993,0,0,0.75,34.3812675
64,0,0,10000,0,0,0,0,0.0299999993,0,0,0.75,43.0831146
65,0,0,10000,0,0,0,0,0.0299999993,0,0,0.75,38.5353546
66,0,0,10000,0,0,0,0,0.0299999993,0,0,0.75,40.5981407
67,0,0,10000,0,0,0,0,0.0299999993,0,0,0.75,42.8484306
68,0,0,10000,0,0,0,0,0.0299999993,0,0,0.75,45.542099
69,0,0,10000,0,0,0,0,0.0299999993,0,0,0.75,49.2829323
70,0,0,10000,0,0,0,0,0.0299999993,0,0,0.75,49.8865891
71,0,0,10000,0,0,0,0,0.0299999993,0,0,0.75,37.4478378
72,0,0,10000,0,0,0,0,0.0299999993,0,0,0.75,36.0366287
73,0,0,10000,0,0,0,0,0.0299999993,0,0,0.75,42.0430679
74,0,0,10000,0,0,0,0,0.0299999993,0,0,0.75,43.4104347
75,0,0,10000,0,0,0,0,0.0299999993,0,0,0.75,47.336628
76,0,0,10000,0,0,0,0,0.0299999993,0,0,0.75,50.2908249
77,0,0,10000,0,0,0,0,0.0299999993,0,0,0.75,44.2986145
78,0,0,10000,0,0,0,0,0.0299999993,0,0,0.75,43.9962425
79,0,0,10000,0,0,0,0,0.0299999993,0,0,0.75,41.6608849
80,0,0,10000,0,0,0,0,0.0299999993,0,0,0.75,43.2361336
81,0,0,10000,0,0,0,0,0.0299999993,0,0,0.75,46.5272903
82,0,0,10000,0,0,0,0,0.0299999993,0,0,0.75,49.5487137
83,0,0,10000,0,0,0,0,0.0299999993,0,0,0.75,52.6254005
84,0,0,10000,0,0,0,0,0.0299999993,0,0,0.75,51.01828
85,0,0,10000,0,0,0,0,0.0299999993,0,0,0.75,46.4214211
86,0,0,10000,0,0,0,0,0.0299999993,0,0,0.75,46.1198425
87,0,0,10000,0,0,0,0,0.0299999993,0,0,0.75,52.9702187
88,0,0,10000,0,0,0,0,0.0299999993,0,0,0.75,57.7232971
89,0,0,10000,0,0,0,0,0.0299999993,0,0,0.75,56.326889
90,0,0,10000,0,0,0,0,0.0299999993,0,0,0.75,59.2633438
91,0,0,10000,0,0,0,0,0.0299999993,0,0,0.75,59.5745201
92,0,0,10000,0,0,0,0,0.0299999993,0,0,0.75,54.2052078
93,0,0,10000,0,0,0,0,0.0299999993,0,0,0.75,58.081089
94,0,0,10000,0,0,0,0,0.0299999993,0,0,0.75,51.0513077
95,0,0,10000,0,0,0,0,0.0299999993,0,0,0.75,52.4162941
96,0,0,10000,0,0,0,0,0.0299999993,0,0,0.75,58.7664528
97,0,0,10000,0,0,0,0,0.0299999993,0,0,0.75,58.3732376
98,0,0,10000,0,0,0,0,0.0299999993,0,0,0.75,64.0282593
99,0,0,10000,0,0,0,0,0.0299999993,0,0,0.75,61.8189468
100,0,0,10000,0,0,0,0,0.0299999993,0,0,0.75,59.8159866
101,0,0,10000,0,0,0,0,0.0299999993,0,0,0.75,59.1872139
102,0,0,10000,0,0,0,0,0.0299999993,0,0,0.75,62.8008003
103,0,0,10000,0,0,0,0,0.0299999993,0,0,0.75,60.4206963
104,0,0,10000,0,0,0,0,0.0299999993,0,0,0.75,63.014679
105,0,0,10000,0,0,0,0,0.0299999993,0,0,0.75,60.5440063
106,0,0,10000,0,0,0,0,0.0299999993,0,0,0.75,59.5897369
107,0,0,10000,0,0,0,0,0.0299999993,0,0,0.75,61.984539
108,0,0,10000,0,0,0,0,0.0299999993,0,0,0.75,63.6341286
109,0,0,10000,0,0,0,0,0.0299999993,0,0,0.75,69.7641144
110,0,0,10000,0,1,0,0,0.0299999993,0,0,0.75,70.786705
111,0,0,10000,0,0,0,0,0.0299999993,0,0,0.75,58.6556664
112,0,0,10000,0,0,0,0,0.0299999993,0,0,0.75,62.6024361
113,0,0,10000,0,0,0,0,0.0299999993,0,0,0.75,59.210659
114,0,0,10000,0,0,0,0,0.0299999993,0,0,0.75,62.4563751
115,0,0,10000,0,0,0,0,0.0299999993,0,0,0.75,57.2746468
116,0,0,10000,0,0,0,0,0.0299999993,0,0,0.75,52.2925301
117,0,0,10000,0,0,0,0,0.0299999993,0,0,0.75,57.6220512
118,0,0,10000,0,0,0,0,0.0299999993,0,0,0.75,62.0456886
119,0,0,10000,0,0,0,0,0.0299999993,0,0,0.75,48.7473297
120,0,0,10000,0,0,0,0,0.0299999993,0,0,0.75,49.6794586
121,0,0,10000,0,0,0,0,0.0299999993,0,0,0.75,49.7621346
122,0,0,10000,0,0,0,0,0.0299999993,0,0,0.75,44.5269928
123,0,0,10000,0,0,0,0,0.0299999993,0,0,0.75,41.4436378
124,0,0,10000,0,0,0,0,0.0299999993,0,0,0.75,32.2555275
125,0,0,10000,0,0,0,0,0.0299999993,0,0,0.75,31.6350842
126,0,0,10000,0,0,0,0,0.0299999993,0,0,0.75,30.064539
127,0,0,10000,0,0,0,0,0.0299999993,0,0,0.75,34.9698563
128,0,0,10000,0,0,0,0,0.0299999993,0,0,0.75,41.5290833
129,0,0,10000,0,0,0,0,0.0299999993,0,0,0.75,38.442524
130,0,0,10000,0,0,0,0,0.0299999993,0,0,0.75,35.5199471
131,0,0,10000,0,0,0,0,0.0299999993,0,0,0.75,31.348896
132,0,0,10000,0,0,0,0,0.0299999993,0,0,0.75,37.7756691
133,0,0,10000,0,0,0,0,0.0299999993,0,0,0.75,36.9478798
134,0,0,10000,0,0,0,0,0.0299999993,0,0,0.75,39.6681709
135,0,0,10000,0,0,0,0,0.0299999993,0,0,0.75,38.030323
136,0,0,10000,0,0,0,0,0.0299999993,0,0,0.75,38.4684219
137,0,0,10000,0,0,0,0,0.0299999993,0,0,0.75,37.9178238
138,0,0,10000,0,0,0,0,0.0299999993,0,0,0.75,34.9566078
139,0,0,10000,0,0,0,0,0.0299999993,0,0,0.75,32.6322594
140,0,0,10000,0,0,0,0,0.0299999993,0,0,0.75,26.6315346
141,0,0,10000,0,0,0,0,0.0299999993,0,0,0.75,26.4104404
142,0,0,10000,0,0,0,0,0.0299999993,0,0,0.75,23.5241661
143,0,0,10000,0,0,0,0,0.0299999993,0,0,0.75,22.7065372
144,0,0,10000,0,0,0,0,0.0299999993,0,0,0.75,26.1355515
145,0,0,10000,0,0,0,0,0.0299999993,0,0,0.75,24.4834766
146,0,0,10000,0,0,0,0,0.0299999993,0,0,0.75,27.9808903
147,0,0,10000,0,0,0,0,0.0299999993,0,0,0.75,26.5725193
148,0,0,10000,0,0,0,0,0.0299999993,0,0,0.75,25.3200264
149,0,0,10000,0,0,0,0,0.0299999993,0,0,0.75,23.6356354
150,0,0,10000,0,0,0,0,0.0299999993,0,0,0.75,28.4960899
151,0,0,10000,1,0,0,0,0.0299999993,0,0,0.75,33.3561592
152,1,984733.188,10013.4355,0,0,0,0,0.0299999993,0,0,0.75,38.5788689
153,1,984733.188,9969.85938,0,0,0,0,0.0299999993,0,0,0.75,33.5761032
154,1,984733.188,9952.62305,0,0,0,0,0.0299999993,0,0,0.75,31.8185635
155,1,984733.188,9889.92285,0,0,0,0,0.0299999993,0,0,0.75,26.4038982
156,1,984733.188,9897.63867,0,0,0,0,0.0299999993,0,0,0.75,28.0271263
157,1,984733.188,9936.19141,1,0,0,0,0.0299999993,0,0,0.75,35.6622772
158,1,984733.188,9975.73828,0,0,0,0,0.0299999993,0,0,0.75,42.4111633
159,1,984733.188,10004.6436,0,0,0,0,0.0299999993,0,0,0.75,46.8036194
160,1,984733.188,10010.5,0,0,0,0,0.0299999993,0,0,0.75,47.6745567
161,1,984733.188,9999.08789,0,0,0,0,0.0299999993,0,0,0.75,46.0911827
162,1,984733.188,10012.3418,0,0,0,0,0.0299999993,0,0,0.75,48.2410469
163,1,984733.188,10047.0684,0,0,0,0,0.0299999993,0,0,0.75,53.4764595
164,1,984733.188,10060.0469,0,0,0,0,0.0299999993,0,0,0.75,55.2963257
165,1,984733.188,10090.5781,0,0,0,0,0.0299999993,0,0,0.75,59.3271065
166,1,984733.188,10014.4902,0,0,0,0,0.0299999993,0,0,0.75,47.7677917
167,1,984733.188,10027.2246,0,0,0,0,0.0299999993,0,0,0.75,49.5398598
168,1,984733.188,10014.5254,0,0,0,0,0.0299999993,0,0,0.75,47.7983093
169,1,984733.188,10039.4062,0,0,0,0,0.0299999993,0,0,0.75,51.4029274
170,1,984733.188,10036.1797,0,0,0,0,0.0299999993,0,0,0.75,50.9118271
171,1,984733.188,10075.1387,0,0,0,0,0.0299999993,0,0,0.75,56.3351135
172,1,984733.188,10055.0928,0,0,0,0,0.0299999993,0,0,0.75,53.0852966
173,1,984733.188,10064.9023,0,0,0,0,0.0299999993,0,0,0.75,54.4695549
174,1,984733.188,10014.1113,0,0,0,0,0.0299999993,0,0,0.75,46.7744102
175,1,984733.188,10018.6328,0,0,0,0,0.0299999993,0,0,0.75,47.485672
176,1,984733.188,9999.10156,0,0,0,0,0.0299999993,0,0,0.75,44.7066612
177,1,984733.188,9911.03906,0,0,0,0,0.0299999993,0,0,0.75,34.8137016
178,1,984733.188,9889.98828,0,0,0,0,0.0299999993,0,0,0.75,32.9373245
179,1,984733.188,9850.0957,0,0,0,0,0.0299999993,0,0,0.75,29.6734753
180,1,984733.188,9902.61914,1,0,0,0,0.0299999993,0,0,0.75,38.3373604
181,1,984733.188,9892.93359,0,0,0,0,0.0299999993,0,0,0.75,37.4218292
182,1,984733.188,9858.52539,0,0,0,0,0.0299999993,0,0,0.75,34.2890167
183,1,984733.188,9842.63086,0,0,0,0,0.0299999993,0,0,0.75,32.9181252
184,1,984733.188,9900.62695,0,0,0,0,0.0299999993,0,0,0.75,42.0260773
185,1,984733.188,9925.8457,0,0,0,0,0.0299999993,0,0,0.75,45.4917412
186,1,984733.188,9902.16406,0,0,0,0,0.0299999993,0,0,0.75,42.8983002
187,1,984733.188,9880.78906,0,0,0,0,0.0299999993,0,0,0.75,40.6460419
188,1,984733.188,9905.61816,0,0,0,0,0.0299999993,0,0,0.75,44.3040962
189,1,984733.188,9918.53125,0,0,0,0,0.0299999993,0,0,0.75,46.1626396
190,1,984733.188,9943.98047,0,0,0,0,0.0299999993,0,0,0.75,49.7231026
191,1,984733.188,9937.84375,0,0,0,0,0.0299999993,0,0,0.75,48.8836098
192,1,984733.188,9877.61426,0,0,0,0,0.0299999993,0,0,0.75,41.4808388
193,1,984733.188,9849.13477,0,0,0,0,0.0299999993,0,0,0.75,38.5110931
194,1,984733.188,9884.04785,0,0,0,0,0.0299999993,0,0,0.75,43.8209724
195,1,984733.188,9901.57422,0,0,0,0,0.0299999993,0,0,0.75,46.3266945
196,1,984733.188,9880.0918,0,0,0,0,0.0299999993,0,0,0.75,43.7508736
197,1,984733.188,9802.30859,0,0,0,0,0.0299999993,0,0,0.75,35.9552536
198,1,984733.188,9794.68945,0,0,0,0,0.0299999993,0,0,0.75,35.2919006
199,1,984733.188,9805.12109,0,0,0,0,0.0299999993,0,0,0.75,37.0056343
200,1,984733.188,9840.55469,0,0,0,0,0.0299999993,0,0,0.75,42.5691414
201,1,984733.188,9815.91211,0,0,0,0,0.0299999993,0,0,0.75,39.9280434
202,1,984733.188,9809.96094,0,0,0,0,0.0299999993,0,0,0.75,39.294014
203,0,0,9756.5918,0,0,0,0,0.0299999993,0,0,0.75,35.3021011
204,0,0,9756.5918,0,0,0,0,0.0299999993,0,0,0.75,32.935318
205,0,0,9756.5918,0,0,0,0,0.0299999993,0,0,0.75,34.4641151
206,0,0,9756.5918,0,0,0,0,0.0299999993,0,0,0.75,33.8673706
207,0,0,9756.5918,0,0,0,0,0.0299999993,0,0,0.75,32.1999359
208,0,0,9756.5918,0,0,0,0,0.0299999993,0,0,0.75,33.5759087
209,0,0,9756.5918,0,0,0,0,0.0299999993,0,0,0.75,31.8119259
210,0,0,9756.5918,0,0,0,0,0.0299999993,0,0,0.75,31.991539
211,0,0,9756.5918,0,0,0,0,0.0299999993,0,0,0.75,28.059351
212,0,0,9756.5918,1,0,0,0,0.0299999993,0,0,0.75,39.0774689
213,1,951423.625,9767.5293,0,0,0,0,0.0299999993,0,0,0.75,43.001297
214,1,951423.625,9713.56836,0,0,0,0,0.0299999993,0,0,0.75,36.7276268
215,1,951423.625,9740.08887,0,0,0,0,0.0299999993,0,0,0.75,41.263279
216,1,951423.625,9709.3125,0,0,0,0,0.0299999993,0,0,0.75,37.870491
217,1,951423.625,9721.10156,0,0,0,0,0.0299999993,0,0,0.75,39.9087486
218,1,951423.625,9728.94336,0,0,0,0,0.0299999993,0,0,0.75,41.2883415
219,1,951423.625,9726.64746,0,0,0,0,0.0299999993,0,0,0.75,40.9916649
220,1,951423.625,9741.48438,0,0,0,0,0.0299999993,0,0,0.75,43.8026962
221,1,951423.625,9764.92773,0,0,0,0,0.0299999993,0,0,0.75,48.0164223
222,1,951423.625,9771.80469,0,0,0,0,0.0299999993,0,0,0.75,49.2192688
223,1,951423.625,9747.17969,0,0,0,0,0.0299999993,0,0,0.75,45.1871643
224,1,951423.625,9769.52734,0,0,0,0,0.0299999993,0,0,0.75,49.2505112
225,1,951423.625,9768.72949,0,0,0,0,0.0299999993,0,0,0.75,49.110527
226,1,951423.625,9725.31641,0,0,0,0,0.0299999993,0,0,0.75,42.0993347
227,1,951423.625,9688.11133,0,0,0,0,0.0299999993,0,0,0.75,37.1982307
228,1,951423.625,9690.97461,0,0,0,0,0.0299999993,0,0,0.75,37.7983398
229,1,951423.625,9689.87695,0,0,0,0,0.0299999993,0,0,0.75,37.6498299
230,1,951423.625,9779.07031,0,0,0,0,0.0299999993,0,0,0.75,53.6049004
231,1,951423.625,9825.30273,0,0,0,0,0.0299999993,0,0,0.75,59.4039917
232,1,951423.625,9841.34766,0,0,0,0,0.0299999993,0,0,0.75,61.2157288
233,1,951423.625,9877.50391,0,0,0,0,0.0299999993,0,0,0.75,65.0057526
234,1,951423.625,9876.11719,0,0,0,0,0.0299999993,0,0,0.75,64.7444153
235,1,951423.625,9912.37109,0,0,0,0,0.0299999993,0,0,0.75,68.3290329
236,1,951423.625,9954.0957,0,1,0,0,0.0299999993,0,0,0.75,71.873642
237,0,0,9942.81641,0,0,0,0,0.0299999993,0,0,0.75,64.9562988
238,0,0,9942.81641,0,0,0,0,0.0299999993,0,0,0.75,57.7312927
239,0,0,9942.81641,0,0,0,0,0.0299999993,0,0,0.75,57.7817039
240,0,0,9942.81641,0,0,0,0,0.0299999993,0,0,0.75,54.6838303
241,0,0,9942.81641,0,0,0,0,0.0299999993,0,0,0.75,51.9368515
242,0,0,9942.81641,0,0,0,0,0.0299999993,0,0,0.75,48.3874741
243,0,0,9942.81641,0,0,0,0,0.0299999993,0,0,0.75,60.2369957
244,0,0,9942.81641,0,0,0,0,0.0299999993,0,0,0.75,59.4799347
245,0,0,9942.81641,0,0,0,0,0.0299999993,0,0,0.75,55.8475838
246,0,0,9942.81641,0,0,0,0,0.0299999993,0,0,0.75,56.4386139
247,0,0,9942.81641,0,0,0,0,0.0299999993,0,0,0.75,58.5592499
248,0,0,9942.81641,0,0,0,0,0.0299999993,0,0,0.75,55.2026558
249,0,0,9942.81641,0,0,0,0,0.0299999993,0,0,0.75,48.163723
250,0,0,9942.81641,0,0,0,0,0.0299999993,0,0,0.75,54.6911316
251,0,0,9942.81641,0,0,0,0,0.0299999993,0,0,0.75,51.7540207
252,0,0,9942.81641,0,0,0,0,0.0299999993,0,0,0.75,53.0531998
253,0,0,9942.81641,0,0,0,0,0.0299999993,0,0,0.75,51.6110535
254,0,0,9942.81641,0,0,0,0,0.0299999993,0,0,0.75,55.8674698
255,0,0,9942.81641,0,0,0,0,0.0299999993,0,0,0.75,56.5603905
256,0,0,9942.81641,0,0,0,0,0.0299999993,0,0,0.75,51.7797546
257,0,0,9942.81641,0,0,0,0,0.0299999993,0,0,0.75,56.6277924
258,0,0,9942.81641,0,0,0,0,0.0299999993,0,0,0.75,61.7352142
259,0,0,9942.81641,0,0,0,0,0.0299999993,0,0,0.75,64.6177216
260,0,0,9942.81641,0,0,0,0,0.0299999993,0,0,0.75,66.2807312
261,0,0,9942.81641,0,1,0,0,0.0299999993,0,0,0.75,72.162796
262,0,0,9942.81641,0,0,0,0,0.0299999993,0,0,0.75,72.7846527
263,0,0,9942.81641,0,0,0,0,0.0299999993,0,0,0.75,69.6307831
264,0,0,9942.81641,0,0,0,0,0.0299999993,0,0,0.75,65.319397
265,0,0,9942.81641,0,0,0,0,0.0299999993,0,0,0.75,62.7475624
266,0,0,9942.81641,0,0,0,0,0.0299999993,0,0,0.75,60.5675163
267,0,0,9942.81641,0,0,0,0,0.0299999993,0,0,0.75,55.9569778
268,0,0,9942.81641,0,0,0,0,0.0299999993,0,0,0.75,59.0159111
269,0,0,9942.81641,0,0,0,0,0.0299999993,0,0,0.75,55.1891212
270,0,0,9942.81641,0,0,0,0,0.0299999993,0,0,0.75,51.0178146
271,0,0,9942.81641,0,0,0,0,0.0299999993,0,0,0.75,51.7140579
272,0,0,9942.81641,0,0,0,0,0.0299999993,0,0,0.75,57.6575203
273,0,0,9942.81641,0,0,0,0,0.0299999993,0,0,0.75,57.2733383
274,0,0,9942.81641,0,0,0,0,0.0299999993,0,0,0.75,53.6160889
275,0,0,9942.81641,0,0,0,0,0.0299999993,0,0,0.75,43.1108627
276,0,0,9942.81641,0,0,0,0,0.0299999993,0,0,0.75,39.2427444
277,0,0,9942.81641,0,0,0,0,0.0299999993,0,0,0.75,42.4107704
278,0,0,9942.81641,0,0,0,0,0.0299999993,0,0,0.75,38.1623955
279,0,0,9942.81641,0,0,0,0,0.0299999993,0,0,0.75,36.8081093
280,0,0,9942.81641,0,0,0,0,0.0299999993,0,0,0.75,36.5045624
281,0,0,9942.81641,0,0,0,0,0.0299999993,0,0,0.75,34.2196045
282,0,0,9942.81641,0,0,0,0,0.0299999993,0,0,0.75,32.463047
283,0,0,9942.81641,0,0,0,0,0.0299999993,0,0,0.75,30.7910614
284,0,0,9942.81641,0,0,0,0,0.0299999993,0,0,0.75,40.3960419
285,0,0,9942.81641,0,0,0,0,0.0299999993,0,0,0.75,44.7312012
286,0,0,9942.81641,0,0,0,0,0.0299999993,0,0,0.75,45.1129074
287,0,0,9942.81641,0,0,0,0,0.0299999993,0,0,0.75,40.333107
288,0,0,9942.81641,0,0,0,0,0.0299999993,0,0,0.75,42.3917694
289,0,0,9942.81641,0,0,0,0,0.0299999993,0,0,0.75,43.4289284
290,0,0,9942.81641,0,0,0,0,0.0299999993,0,0,0.75,41.0922012
291,0,0,9942.81641,0,0,0,0,0.0299999993,0,0,0.75,45.5085831
292,0,0,9942.81641,0,0,0,0,0.0299999993,0,0,0.75,46.5892067
293,0,0,9942.81641,0,0,0,0,0.0299999993,0,0,0.75,50.3514481
294,0,0,9942.81641,0,0,0,0,0.0299999993,0,0,0.75,44.4678116
295,0,0,9942.81641,0,0,0,0,0.0299999993,0,0,0.75,47.3607101
296,0,0,9942.81641,0,0,0,0,0.0299999993,0,0,0.75,48.6760864
297,0,0,9942.81641,0,0,0,0,0.0299999993,0,0,0.75,45.2455444
298,0,0,9942.81641,0,0,0,0,0.0299999993,0,0,0.75,47.5873489
299,0,0,9942.81641,0,0,0,0,0.0299999993,0,0,0.75,44.484539
300,0,0,9942.81641,0,0,0,0,0.0299999993,0,0,0.75,41.0024109
301,0,0,9942.81641,0,0,0,0,0.0299999993,0,0,0.75,40.9716377
302,0,0,9942.81641,0,0,0,0,0.0299999993,0,0,0.75,37.3186607
303,0,0,9942.81641,0,0,0,0,0.0299999993,0,0,0.75,35.9491005
304,0,0,9942.81641,0,0,0,0,0.0299999993,0,0,0.75,36.0241699
305,0,0,9942.81641,0,0,0,0,0.0299999993,0,0,0.75,39.0762329
306,0,0,9942.81641,0,0,0,0,0.0299999993,0,0,0.75,39.6580544
307,0,0,9942.81641,0,0,0,0,0.0299999993,0,0,0.75,44.9526329
308,0,0,9942.81641,0,0,0,0,0.0299999993,0,0,0.75,50.1863556
309,0,0,9942.81641,0,0,0,0,0.0299999993,0,0,0.75,56.2963943
310,0,0,9942.81641,0,0,0,0,0.0299999993,0,0,0.75,50.4968948
311,0,0,9942.81641,0,0,0,0,0.0299999993,0,0,0.75,56.0313148
312,0,0,9942.81641,0,0,0,0,0.0299999993,0,0,0.75,50.0125465
313,0,0,9942.81641,0,0,0,0,0.0299999993,0,0,0.75,44.3278122
314,0,0,9942.81641,0,0,0,0,0.0299999993,0,0,0.75,35.6734161
315,0,0,9942.81641,0,0,0,0,0.0299999993,0,0,0.75,35.7580338
316,0,0,9942.81641,0,0,0,0,0.0299999993,0,0,0.75,42.487751
317,0,0,9942.81641,0,0,0,0,0.0299999993,0,0,0.75,46.9956551
318,0,0,9942.81641,0,0,0,0,0.0299999993,0,0,0.75,53.4322968
319,0,0,9942.81641,0,0,0,0,0.0299999993,0,0,0.75,56.4014244
320,0,0,9942.81641,0,0,0,0,0.0299999993,0,0,0.75,44.4872093
321,0,0,9942.81641,0,0,0,0,0.0299999993,0,0,0.75,43.6114807
322,0,0,9942.81641,0,0,0,0,0.0299999993,0,0,0.75,51.9378738
323,0,0,9942.81641,0,0,0,0,0.0299999993,0,0,0.75,51.0398674
324,0,0,9942.81641,0,0,0,0,0.0299999993,0,0,0.75,54.6570892
325,0,0,9942.81641,0,0,0,0,0.0299999993,0,0,0.75,48.2317657
326,0,0,9942.81641,0,0,0,0,0.0299999993,0,0,0.75,45.0603867
327,0,0,9942.81641,0,0,0,0,0.0299999993,0,0,0.75,48.9875526
328,0,0,9942.81641,0,0,0,0,0.0299999993,0,0,0.75,50.8167152
329,0,0,9942.81641,0,0,0,0,0.0299999993,0,0,0.75,45.8848839
330,0,0,9942.81641,0,0,0,0,0.0299999993,0,0,0.75,42.0782814
331,0,0,9942.81641,0,0,0,0,0.0299999993,0,0,0.75,42.7743874
332,0,0,9942.81641,0,0,0,0,0.0299999993,0,0,0.75,39.2001343
333,0,0,9942.81641,0,0,0,0,0.0299999993,0,0,0.75,36.4758835
334,0,0,9942.81641,0,0,0,0,0.0299999993,0,0,0.75,30.714304
335,0,0,9942.81641,0,0,0,0,0.0299999993,0,0,0.75,28.7726517
336,0,0,9942.81641,1,0,0,0,0.0299999993,0,0,0.75,31.7460098
337,1,934717.312,9914.67285,0,0,0,0,0.0299999993,0,0,0.75,30.4553394
338,1,934717.312,9884.73438,0,0,0,0,0.0299999993,0,0,0.75,28.2703972
339,1,934717.312,9867.16309,0,0,0,0,0.0299999993,0,0,0.75,27.0440159
340,1,934717.312,9863.93066,0,0,0,0,0.0299999993,0,0,0.75,26.8136082
341,1,934717.312,9810.04688,0,0,0,0,0.0299999993,0,0,0.75,23.2562218
342,1,934717.312,9786.32227,0,0,0,0,0.0299999993,0,0,0.75,21.8798466
343,1,934717.312,9812.86914,0,0,0,0,0.0299999993,0,0,0.75,27.0802879
344,1,934717.312,9809.15527,0,0,0,0,0.0299999993,0,0,0.75,26.8114262
345,1,934717.312,9803.64844,0,0,0,0,0.0299999993,0,0,0.75,26.3929329
346,1,934717.312,9791.97461,0,0,0,0,0.0299999993,0,0,0.75,25.4847679
347,1,934717.312,9821.35938,1,0,0,0,0.0299999993,0,0,0.75,31.8421688
348,1,934717.312,9814.08398,0,0,0,0,0.0299999993,0,0,0.75,31.133976
349,1,934717.312,9819.47852,0,0,0,0,0.0299999993,0,0,0.75,32.3355331
350,1,934717.312,9812.36133,0,0,0,0,0.0299999993,0,0,0.75,31.5532303
351,1,934717.312,9811.82617,0,0,0,0,0.0299999993,0,0,0.75,31.4915485
352,1,934717.312,9787.33984,0,0,0,0,0.0299999993,0,0,0.75,28.7239304
353,1,934717.312,9801.25,1,0,0,0,0.0299999993,0,0,0.75,32.3605118
354,1,934717.312,9806.10742,0,0,0,0,0.0299999993,0,0,0.75,33.6338043
355,1,934717.312,9814.10352,0,0,0,0,0.0299999993,0,0,0.75,35.7772865
356,1,934717.312,9806.54785,0,0,0,0,0.0299999993,0,0,0.75,34.6389503
357,1,934717.312,9834.35938,0,0,0,0,0.0299999993,0,0,0.75,41.9597855
358,1,934717.312,9816.14355,0,0,0,0,0.0299999993,0,0,0.75,38.8874664
359,1,934717.312,9792.45508,0,0,0,0,0.0299999993,0,0,0.75,35.2707558
360,1,934717.312,9793.7168,0,0,0,0,0.0299999993,0,0,0.75,35.614315
361,1,934717.312,9744.77148,0,0,0,0,0.0299999993,0,0,0.75,29.1518211
362,1,934717.312,9746.09766,0,0,0,0,0.0299999993,0,0,0.75,29.5250206
363,1,934717.312,9753.66992,1,0,0,0,0.0299999993,0,0,0.75,31.7358131
364,0,0,9700.7998,0,0,0,0,0.0299999993,0,0,0.75,26.1313953
365,0,0,9700.7998,1,0,0,0,0.0299999993,0,0,0.75,30.0609474
366,1,908151.812,9671.73828,0,0,0,0,0.0299999993,0,0,0.75,28.0180626
367,1,908151.812,9700.31348,1,0,0,0,0.0299999993,0,0,0.75,35.4549065
368,1,908151.812,9716.40234,0,0,0,0,0.0299999993,0,0,0.75,39.259903
369,1,908151.812,9712.47949,0,0,0,0,0.0299999993,0,0,0.75,38.6614189
370,1,908151.812,9719.50488,0,0,0,0,0.0299999993,0,0,0.75,40.4132423
371,1,908151.812,9739.50488,0,0,0,0,0.0299999993,0,0,0.75,45.2103615
372,1,908151.812,9714.38574,0,0,0,0,0.0299999993,0,0,0.75,40.7708359
373,1,908151.812,9706.65137,0,0,0,0,0.0299999993,0,0,0.75,39.4850044
374,1,908151.812,9712.42969,0,0,0,0,0.0299999993,0,0,0.75,40.9823952
375,1,908151.812,9693.12207,0,0,0,0,0.0299999993,0,0,0.75,37.6316452
376,1,908151.812,9687.26172,0,0,0,0,0.0299999993,0,0,0.75,36.6521759
377,1,908151.812,9723.03516,0,0,0,0,0.0299999993,0,0,0.75,45.9082565
378,1,908151.812,9741.06152,0,0,0,0,0.0299999993,0,0,0.75,49.8821411
379,1,908151.812,9775.5293,0,0,0,0,0.0299999993,0,0,0.75,56.4676399
380,1,908151.812,9756.05957,0,0,0,0,0.0299999993,0,0,0.75,52.2880669
381,1,908151.812,9781.97559,0,0,0,0,0.0299999993,0,0,0.75,56.8647995
382,1,908151.812,9755.99512,0,0,0,0,0.0299999993,0,0,0.75,51.5285721
383,1,908151.812,9738.53223,0,0,0,0,0.0299999993,0,0,0.75,48.2508736
384,1,908151.812,9706.39648,0,0,0,0,0.0299999993,0,0,0.75,42.8494797
385,1,908151.812,9691.55469,0,0,0,0,0.0299999993,0,0,0.75,40.5895309
386,1,908151.812,9657.06738,0,0,0,0,0.0299999993,0,0,0.75,35.8570023
387,1,908151.812,9627.10742,0,0,0,0,0.0299999993,0,0,0.75,32.330452
388,1,908151.812,9644.23828,0,0,0,0,0.0299999993,0,0,0.75,36.1945534
389,1,908151.812,9660.59668,0,0,0,0,0.0299999993,0,0,0.75,39.7336998
390,1,908151.812,9677.31641,0,0,0,0,0.0299999993,0,0,0.75,43.2013168
391,1,908151.812,9641.90039,0,0,0,0,0.0299999993,0,0,0.75,38.1887817
392,1,908151.812,9657.2959,0,0,0,0,0.0299999993,0,0,0.75,41.3732224
393,1,908151.812,9618.20801,0,0,0,0,0.0299999993,0,0,0.75,36.2648849
394,1,908151.812,9623.65527,0,0,0,0,0.0299999993,0,0,0.75,37.4244499
395,1,908151.812,9623.38086,0,0,0,0,0.0299999993,0,0,0.75,37.3874817
396,1,908151.812,9607.86133,0,0,0,0,0.0299999993,0,0,0.75,35.2694054
397,1,908151.812,9588.68848,0,0,0,0,0.0299999993,0,0,0.75,32.797348
398,1,908151.812,9624.92871,0,0,0,0,0.0299999993,0,0,0.75,41.1883202
399,1,908151.812,9597.2793,0,0,0,0,0.0299999993,0,0,0.75,37.3559608
400,1,908151.812,9579.5166,0,0,0,0,0.0299999993,0,0,0.75,35.0966263
401,1,908151.812,9550.78711,0,0,0,0,0.0299999993,0,0,0.75,31.751833
402,1,908151.812,9542.72754,0,0,0,0,0.0299999993,0,0,0.75,30.8632069
403,1,908151.812,9538.87891,0,0,0,0,0.0299999993,0,0,0.75,30.4252739
404,1,908151.812,9510.30566,0,0,0,0,0.0299999993,0,0,0.75,27.3254929
405,1,908151.812,9551.85254,1,0,0,0,0.0299999993,0,0,0.75,37.324604
406,1,908151.812,9553.91797,0,0,0,0,0.0299999993,0,0,0.75,37.7827911
407,1,908151.812,9525.82324,0,0,0,0,0.0299999993,0,0,0.75,34.1273727
408,1,908151.812,9521.97363,0,0,0,0,0.0299999993,0,0,0.75,33.6470184
409,1,908151.812,9527.93457,0,0,0,0,0.0299999993,0,0,0.75,35.1686516
410,1,908151.812,9545.45801,0,0,0,0,0.0299999993,0,0,0.75,39.5571518
411,1,908151.812,9522.62402,0,0,0,0,0.0299999993,0,0,0.75,36.1256447
412,0,0,9464.67383,0,0,0,0,0.0299999993,0,0,0.75,32.8144531
413,0,0,9464.67383,0,0,0,0,0.0299999993,0,0,0.75,35.5456581
414,0,0,9464.67383,0,0,0,0,0.0299999993,0,0,0.75,36.6623993
415,0,0,9464.67383,0,0,0,0,0.0299999993,0,0,0.75,34.2470474
416,0,0,9464.67383,0,0,0,0,0.0299999993,0,0,0.75,33.6397133
417,0,0,9464.67383,0,0,0,0,0.0299999993,0,0,0.75,38.353466
418,0,0,9464.67383,0,0,0,0,0.0299999993,0,0,0.75,41.9388962
419,0,0,9464.67383,0,0,0,0,0.0299999993,0,0,0.75,39.118679
420,0,0,9464.67383,0,0,0,0,0.0299999993,0,0,0.75,42.4434204
421,0,0,9464.67383,0,0,0,0,0.0299999993,0,0,0.75,38.3401871
422,0,0,9464.67383,0,0,0,0,0.0299999993,0,0,0.75,42.9208527
423,0,0,9464.67383,0,0,0,0,0.0299999993,0,0,0.75,36.7257538
424,0,0,9464.67383,0,0,0,0,0.0299999993,0,0,0.75,33.1152496
425,0,0,9464.67383,0,0,0,0,0.0299999993,0,0,0.75,31.4599876
426,0,0,9464.67383,0,0,0,0,0.0299999993,0,0,0.75,33.6567764
427,0,0,9464.67383,0,0,0,0,0.0299999993,0,0,0.75,31.4201202
428,0,0,9464.67383,0,0,0,0,0.0299999993,0,0,0.75,25.7797012
429,0,0,9464.67383,0,0,0,0,0.0299999993,0,0,0.75,25.3572025
430,0,0,9464.67383,1,0,0,0,0.0299999993,0,0,0.75,33.8230629
431,1,873156.125,9491.03027,0,0,0,0,0.0299999993,0,0,0.75,42.2797012
432,1,873156.125,9510.99219,0,0,0,0,0.0299999993,0,0,0.75,46.2687721
433,1,873156.125,9517.92773,0,0,0,0,0.0299999993,0,0,0.75,47.6232185
434,1,873156.125,9524.17871,0,0,0,0,0.0299999993,0,0,0.75,48.8741684
435,1,873156.125,9512.08984,0,0,0,0,0.0299999993,0,0,0.75,46.5582695
436,1,873156.125,9521.41113,0,0,0,0,0.0299999993,0,0,0.75,48.581459
437,1,873156.125,9514.35352,0,0,0,0,0.0299999993,0,0,0.75,47.1267738
438,1,873156.125,9535.56543,0,0,0,0,0.0299999993,0,0,0.75,51.7983932
439,1,873156.125,9561.48926,0,0,0,0,0.0299999993,0,0,0.75,56.8197136
440,1,873156.125,9578.07812,0,0,0,0,0.0299999993,0,0,0.75,59.7120285
441,1,873156.125,9568.91699,0,0,0,0,0.0299999993,0,0,0.75,57.4243736
442,1,873156.125,9581.53809,0,0,0,0,0.0299999993,0,0,0.75,59.7142525
443,1,873156.125,9602.27051,0,0,0,0,0.0299999993,0,0,0.75,63.213974
444,1,873156.125,9634.19238,0,0,0,0,0.0299999993,0,0,0.75,67.8458939
445,1,873156.125,9594.39648,0,0,0,0,0.0299999993,0,0,0.75,58.0352173
446,1,873156.125,9616.10449,0,0,0,0,0.0299999993,0,0,0.75,61.3208237
447,1,873156.125,9612.79492,0,0,0,0,0.0299999993,0,0,0.75,60.5424995
448,1,873156.125,9626.1748,0,0,0,0,0.0299999993,0,0,0.75,62.6086464
449,1,873156.125,9629.89941,0,0,0,0,0.0299999993,0,0,0.75,63.1865082
450,1,873156.125,9676.72656,0,0,0,0,0.0299999993,0,0,0.75,69.5569305
451,1,873156.125,9691.68457,0,1,0,0,0.0299999993,0,0,0.75,71.2674026
452,0,0,9680.68945,0,0,0,0,0.0299999993,0,0,0.75,69.3304749
453,0,0,9680.68945,0,1,0,0,0.0299999993,0,0,0.75,71.779274
454,0,0,9680.68945,0,0,0,0,0.0299999993,0,0,0.75,59.7465744
455,0,0,9680.68945,0,0,0,0,0.0299999993,0,0,0.75,64.3983231
456,0,0,9680.68945,0,0,0,0,0.0299999993,0,0,0.75,58.9127731
457,0,0,9680.68945,0,0,0,0,0.0299999993,0,0,0.75,51.8600655
458,0,0,9680.68945,0,0,0,0,0.0299999993,0,0,0.75,55.2087173
459,0,0,9680.68945,0,0,0,0,0.0299999993,0,0,0.75,56.3236351
460,0,0,9680.68945,0,0,0,0,0.0299999993,0,0,0.75,55.6815567
461,0,0,9680.68945,0,0,0,0,0.0299999993,0,0,0.75,51.6686859
462,0,0,9680.68945,0,0,0,0,0.0299999993,0,0,0.75,58.4237823
463,0,0,9680.68945,0,0,0,0,0.0299999993,0,0,0.75,53.1862183
464,0,0,9680.68945,0,0,0,0,0.0299999993,0,0,0.75,63.5516815
465,0,0,9680.68945,0,0,0,0,0.0299999993,0,0,0.75,61.8000145
466,0,0,9680.68945,0,0,0,0,0.0299999993,0,0,0.75,54.8535118
467,0,0,9680.68945,0,0,0,0,0.0299999993,0,0,0.75,51.8977814
468,0,0,9680.68945,0,0,0,0,0.0299999993,0,0,0.75,47.5796204
469,0,0,9680.68945,0,0,0,0,0.0299999993,0,0,0.75,43.6101799
470,0,0,9680.68945,0,0,0,0,0.0299999993,0,0,0.75,41.1940155
471,0,0,9680.68945,0,0,0,0,0.0299999993,0,0,0.75,50.215889
472,0,0,9680.68945,0,0,0,0,0.0299999993,0,0,0.75,49.2295837
473,0,0,9680.68945,0,0,0,0,0.0299999993,0,0,0.75,51.1796608
474,0,0,9680.68945,0,0,0,0,0.0299999993,0,0,0.75,52.5920792
475,0,0,9680.68945,0,0,0,0,0.0299999993,0,0,0.75,51.4059677
476,0,0,9680.68945,0,0,0,0,0.0299999993,0,0,0.75,49.9117775
477,0,0,9680.68945,0,0,0,0,0.0299999993,0,0,0.75,54.3936729
478,0,0,9680.68945,0,0,0,0,0.0299999993,0,0,0.75,55.2512894
479,0,0,9680.68945,0,0,0,0,0.0299999993,0,0,0.75,51.5251617
480,0,0,9680.68945,0,0,0,0,0.0299999993,0,0,0.75,48.1277008
481,0,0,9680.68945,0,0,0,0,0.0299999993,0,0,0.75,56.1988716
482,0,0,9680.68945,0,0,0,0,0.0299999993,0,0,0.75,62.7061081
483,0,0,9680.68945,0,0,0,0,0.0299999993,0,0,0.75,59.2988625
484,0,0,9680.68945,0,0,0,0,0.0299999993,0,0,0.75,58.3258133
485,0,0,9680.68945,0,0,0,0,0.0299999993,0,0,0.75,63.9153671
486,0,0,9680.68945,0,0,0,0,0.0299999993,0,0,0.75,63.2319336
487,0,0,9680.68945,0,0,0,0,0.0299999993,0,0,0.75,64.1045532
488,0,0,9680.68945,0,0,0,0,0.0299999993,0,0,0.75,65.0917969
489,0,0,9680.68945,0,1,0,0,0.0299999993,0,0,0.75,71.6930542
490,0,0,9680.68945,0,0,0,0,0.0299999993,0,0,0.75,67.9055328
491,0,0,9680.68945,0,1,0,0,0.0299999993,0,0,0.75,70.3465958
492,0,0,9680.68945,0,0,0,0,0.0299999993,0,0,0.75,65.0926895
493,0,0,9680.68945,0,0,0,0,0.0299999993,0,0,0.75,67.5699615
494,0,0,9680.68945,0,1,0,0,0.0299999993,0,0,0.75,72.1965942
495,0,0,9680.68945,0,0,0,0,0.0299999993,0,0,0.75,74.2282028
496,0,0,9680.68945,0,0,0,0,0.0299999993,0,0,0.75,71.9890976
497,0,0,9680.68945,0,0,0,0,0.0299999993,0,0,0.75,65.7435226
498,0,0,9680.68945,0,0,0,0,0.0299999993,0,0,0.75,69.8564377
499,0,0,9680.68945,0,1,0,0,0.0299999993,0,0,0.75,70.7419357
500,0,0,9680.68945,0,0,0,0,0.0299999993,0,0,0.75,72.1437683
501,0,0,9680.68945,0,0,0,0,0.0299999993,0,0,0.75,62.7458458
502,0,0,9680.68945,0,0,0,0,0.0299999993,0,0,0.75,63.1142197
503,0,0,9680.68945,0,0,0,0,0.0299999993,0,0,0.75,63.9548378
504,0,0,9680.68945,0,0,0,0,0.0299999993,0,0,0.75,64.214035
505,0,0,9680.68945,0,0,0,0,0.0299999993,0,0,0.75,65.4647446
506,0,0,9680.68945,0,0,0,0,0.0299999993,0,0,0.75,59.1229362
507,0,0,9680.68945,0,0,0,0,0.0299999993,0,0,0.75,59.5191002
508,0,0,9680.68945,0,0,0,0,0.0299999993,0,0,0.75,59.9230156
509,0,0,9680.68945,0,0,0,0,0.0299999993,0,0,0.75,55.3024712
510,0,0,9680.68945,0,0,0,0,0.0299999993,0,0,0.75,50.738102
511,0,0,9680.68945,0,0,0,0,0.0299999993,0,0,0.75,48.6624336
512,0,0,9680.68945,0,0,0,0,0.0299999993,0,0,0.75,51.1885757
513,0,0,9680.68945,0,0,0,0,0.0299999993,0,0,0.75,51.0349464
514,0,0,9680.68945,0,0,0,0,0.0299999993,0,0,0.75,56.2765121
515,0,0,9680.68945,0,0,0,0,0.0299999993,0,0,0.75,63.5336571
516,0,0,9680.68945,0,0,0,0,0.0299999993,0,0,0.75,61.2107468
517,0,0,9680.68945,0,0,0,0,0.0299999993,0,0,0.75,63.9372177
518,0,0,9680.68945,0,0,0,0,0.0299999993,0,0,0.75,67.8068695
519,0,0,9680.68945,0,0,0,0,0.0299999993,0,0,0.75,59.3310585
520,0,0,9680.68945,0,0,0,0,0.0299999993,0,0,0.75,58.0497322
521,0,0,9680.68945,0,0,0,0,0.0299999993,0,0,0.75,59.1441231
522,0,0,9680.68945,0,0,0,0,0.0299999993,0,0,0.75,65.3664856
523,0,0,9680.68945,0,0,0,0,0.0299999993,0,0,0.75,53.8787918
524,0,0,9680.68945,0,0,0,0,0.0299999993,0,0,0.75,50.9350357
525,0,0,9680.68945,0,0,0,0,0.0299999993,0,0,0.75,53.4862061
526,0,0,9680.68945,0,0,0,0,0.0299999993,0,0,0.75,58.295929
527,0,0,9680.68945,0,0,0,0,0.0299999993,0,0,0.75,58.4861031
528,0,0,9680.68945,0,0,0,0,0.0299999993,0,0,0.75,50.1384811
529,0,0,9680.68945,0,0,0,0,0.0299999993,0,0,0.75,53.1718559
530,0,0,9680.68945,0,0,0,0,0.0299999993,0,0,0.75,54.2164154
531,0,0,9680.68945,0,0,0,0,0.0299999993,0,0,0.75,55.037571
532,0,0,9680.68945,0,0,0,0,0.0299999993,0,0,0.75,49.8731689
533,0,0,9680.68945,0,0,0,0,0.0299999993,0,0,0.75,49.1896172
534,0,0,9680.68945,0,0,0,0,0.0299999993,0,0,0.75,54.2071953
535,0,0,9680.68945,0,0,0,0,0.0299999993,0,0,0.75,57.9773026
536,0,0,9680.68945,0,0,0,0,0.0299999993,0,0,0.75,64.9979324
537,0,0,9680.68945,0,0,0,0,0.0299999993,0,0,0.75,64.8102798
538,0,0,9680.68945,0,0,0,0,0.0299999993,0,0,0.75,55.1674767
539,0,0,9680.68945,0,0,0,0,0.0299999993,0,0,0.75,50.037075
540,0,0,9680.68945,0,0,0,0,0.0299999993,0,0,0.75,48.5120201
541,0,0,9680.68945,0,0,0,0,0.0299999993,0,0,0.75,53.99543
542,0,0,9680.68945,0,0,0,0,0.0299999993,0,0,0.75,48.8743668
543,0,0,9680.68945,0,0,0,0,0.0299999993,0,0,0.75,48.7867775
544,0,0,9680.68945,0,0,0,0,0.0299999993,0,0,0.75,52.6175156
545,0,0,9680.68945,0,0,0,0,0.0299999993,0,0,0.75,52.4764252
546,0,0,9680.68945,0,0,0,0,0.0299999993,0,0,0.75,54.4232674
547,0,0,9680.68945,0,0,0,0,0.0299999993,0,0,0.75,42.2044487
548,0,0,9680.68945,0,0,0,0,0.0299999993,0,0,0.75,38.7372894
549,0,0,9680.68945,0,0,0,0,0.0299999993,0,0,0.75,40.2159882
550,0,0,9680.68945,0,0,0,0,0.0299999993,0,0,0.75,37.6480217
551,0,0,9680.68945,0,0,0,0,0.0299999993,0,0,0.75,34.6877747
552,0,0,9680.68945,0,0,0,0,0.0299999993,0,0,0.75,30.3312511
553,0,0,9680.68945,0,0,0,0,0.0299999993,0,0,0.75,31.4866657
554,0,0,9680.68945,0,0,0,0,0.0299999993,0,0,0.75,32.1495895
555,0,0,9680.68945,0,0,0,0,0.0299999993,0,0,0.75,31.64258
556,0,0,9680.68945,0,0,0,0,0.0299999993,0,0,0.75,32.7485733
557,0,0,9680.68945,0,0,0,0,0.0299999993,0,0,0.75,38.5721893
558,0,0,9680.68945,0,0,0,0,0.0299999993,0,0,0.75,37.3507004
559,0,0,9680.68945,0,0,0,0,0.0299999993,0,0,0.75,28.7599564
560,0,0,9680.68945,1,0,0,0,0.0299999993,0,0,0.75,36.3115692
561,1,910611,9646.02637,0,0,0,0,0.0299999993,0,0,0.75,33.9430161
562,1,910611,9664.44434,0,0,0,0,0.0299999993,0,0,0.75,37.3523636
563,1,910611,9669.49707,0,0,0,0,0.0299999993,0,0,0.75,38.2931213
564,1,910611,9669.43652,0,0,0,0,0.0299999993,0,0,0.75,38.2857361
565,1,910611,9692.55762,0,0,0,0,0.0299999993,0,0,0.75,42.840786
566,1,910611,9672.11328,0,0,0,0,0.0299999993,0,0,0.75,40.0275192
567,1,910611,9662.51953,0,0,0,0,0.0299999993,0,0,0.75,38.7417641
568,1,910611,9693.7002,0,0,0,0,0.0299999993,0,0,0.75,44.9326401
569,1,910611,9728.60449,0,0,0,0,0.0299999993,0,0,0.75,50.9131126
570,1,910611,9728.5791,0,0,0,0,0.0299999993,0,0,0.75,50.9087791
571,1,910611,9742.06934,0,0,0,0,0.0299999993,0,0,0.75,53.1873894
572,1,910611,9760.60156,0,0,0,0,0.0299999993,0,0,0.75,56.1953316
573,1,910611,9743.17383,0,0,0,0,0.0299999993,0,0,0.75,52.7617989
574,1,910611,9725.98145,0,0,0,0,0.0299999993,0,0,0.75,49.545784
575,1,910611,9750.07812,0,0,0,0,0.0299999993,0,0,0.75,53.7967491
576,1,910611,9743.46582,0,0,0,0,0.0299999993,0,0,0.75,52.489769
577,1,910611,9687.74414,0,0,0,0,0.0299999993,0,0,0.75,43.0080795
578,1,910611,9644.52637,0,0,0,0,0.0299999993,0,0,0.75,37.3696747
579,1,910611,9633.96191,0,0,0,0,0.0299999993,0,0,0.75,36.1230316
580,1,910611,9612.01074,0,0,0,0,0.0299999993,0,0,0.75,33.6136742
581,1,910611,9699.68457,0,0,0,0,0.0299999993,0,0,0.75,48.8859863
582,1,910611,9706.87598,0,0,0,0,0.0299999993,0,0,0.75,49.9039993
583,1,910611,9699.58496,0,0,0,0,0.0299999993,0,0,0.75,48.8419647
584,1,910611,9655.7207,0,0,0,0,0.0299999993,0,0,0.75,42.9231262
585,1,910611,9641.46973,0,0,0,0,0.0299999993,0,0,0.75,41.177227
586,1,910611,9649.66406,0,0,0,0,0.0299999993,0,0,0.75,42.622509
587,1,910611,9638.80371,0,0,0,0,0.0299999993,0,0,0.75,41.1784477
588,1,910611,9655.59277,0,0,0,0,0.0299999993,0,0,0.75,44.318924
589,1,910611,9613.87402,0,0,0,0,0.0299999993,0,0,0.75,38.7785988
590,1,910611,9616.18945,0,0,0,0,0.0299999993,0,0,0.75,39.232708
591,1,910611,9640.14941,0,0,0,0,0.0299999993,0,0,0.75,43.8716965
592,1,910611,9618.18945,0,0,0,0,0.0299999993,0,0,0.75,40.7975693
593,1,910611,9640.12109,0,0,0,0,0.0299999993,0,0,0.75,44.9465828
594,1,910611,9623.96777,0,0,0,0,0.0299999993,0,0,0.75,42.5796967
595,1,910611,9604.33594,0,0,0,0,0.0299999993,0,0,0.75,39.8340988
596,1,910611,9616.60352,0,0,0,0,0.0299999993,0,0,0.75,42.3362389
597,1,910611,9564.62988,0,0,0,0,0.0299999993,0,0,0.75,35.5844688
598,1,910611,9534.625,0,0,0,0,0.0299999993,0,0,0.75,32.3744164
599,1,910611,9530.06445,0,0,0,0,0.0299999993,0,0,0.75,31.903326
